Entity,Code,Year,Total across all levels
Afghanistan,AFG,2001,110085265625
Afghanistan,AFG,2010,3000769775
Afghanistan,AFG,2011,2998453369
Afghanistan,AFG,2012,2543137207
Afghanistan,AFG,2013,3562398437
Afghanistan,AFG,2014,3914502929
Afghanistan,AFG,2015,3499060546
Afghanistan,AFG,2016,4993861816
Afghanistan,AFG,2017,4899548828
Albania,ALB,1994,451949035
Albania,ALB,1995,567466735
Albania,ALB,1996,603377319
Albania,ALB,1997,589077453
Albania,ALB,1998,670969299
Albania,ALB,1999,769443420
Albania,ALB,2000,785615661
Albania,ALB,2001,857843872
Albania,ALB,2002,808373962
Albania,ALB,2003,858656005
Albania,ALB,2004,931785278
Albania,ALB,2005,999739562
Albania,ALB,2006,1029685180
Albania,ALB,2007,1120176513
Albania,ALB,2013,1464780029
Albania,ALB,2015,1480219360
Albania,ALB,2016,1762428955
Albania,ALB,2017,1667671875
Albania,ALB,2019,1920228637
Albania,ALB,2020,1584698730
Albania,ALB,2021,1560765258
Albania,ALB,2022,1485914062
Algeria,DZA,2008,21772503906
Algeria,DZA,2023,11681594726
Andorra,AND,1997,128666595
Andorra,AND,2002,72296257
Andorra,AND,2004,79057128
Andorra,AND,2005,88766609
Andorra,AND,2006,126965362
Andorra,AND,2007,120884773
Andorra,AND,2008,155890045
Andorra,AND,2009,161440673
Andorra,AND,2010,149879272
Andorra,AND,2011,150392059
Andorra,AND,2013,115649459
Andorra,AND,2014,145415466
Andorra,AND,2015,157391571
Andorra,AND,2016,161076843
Andorra,AND,2017,160636840
Andorra,AND,2018,164691833
Andorra,AND,2019,163037658
Andorra,AND,2022,144354568
Andorra,AND,2023,106645668
Angola,AGO,1998,2071293457
Angola,AGO,2000,2215461425
Angola,AGO,2005,3434861083
Angola,AGO,2006,4123187988
Angola,AGO,2010,8251968750
Antigua and Barbuda,ATG,1999,48724498
Antigua and Barbuda,ATG,2002,60840221
Antigua and Barbuda,ATG,2009,56899559
Argentina,ARG,1990,6366519531
Argentina,ARG,1996,30786925781
Argentina,ARG,1998,37417214843
Argentina,ARG,1999,40461945312
Argentina,ARG,2000,40663257812
Argentina,ARG,2001,41021171875
Argentina,ARG,2002,30378621093
Argentina,ARG,2003,29093880859
Argentina,ARG,2004,31285431640
Argentina,ARG,2005,37702781250
Argentina,ARG,2006,43567222656
Argentina,ARG,2007,51338589843
Argentina,ARG,2008,57992027343
Argentina,ARG,2009,62293046875
Argentina,ARG,2010,62258453125
Argentina,ARG,2011,69558265625
Argentina,ARG,2012,69562609375
Argentina,ARG,2013,72445453125
Argentina,ARG,2014,69648789062
Argentina,ARG,2015,77084929687
Argentina,ARG,2016,72467570312
Argentina,ARG,2017,73285078125
Argentina,ARG,2018,63822707031
Argentina,ARG,2019,61185285156
Argentina,ARG,2020,60964894531
Argentina,ARG,2021,59367199218
Argentina,ARG,2022,64512031250
Armenia,ARM,1996,241152557
Armenia,ARM,1999,333957305
Armenia,ARM,2000,438712982
Armenia,ARM,2001,428235595
Armenia,ARM,2002,419117767
Armenia,ARM,2003,480033264
Armenia,ARM,2004,614931152
Armenia,ARM,2005,763861999
Armenia,ARM,2006,865884399
Armenia,ARM,2007,1094416503
Armenia,ARM,2008,1229528320
Armenia,ARM,2009,1278555908
Armenia,ARM,2010,1105348144
Armenia,ARM,2011,1119844970
Armenia,ARM,2012,1058666870
Armenia,ARM,2013,1045362426
Armenia,ARM,2014,918333984
Armenia,ARM,2015,1183325317
Armenia,ARM,2016,1165499145
Armenia,ARM,2017,1229957763
Armenia,ARM,2020,1291043212
Armenia,ARM,2021,1397368896
Armenia,ARM,2022,1416569580
Armenia,ARM,2023,1499071777
Aruba,ABW,1998,181009246
Aruba,ABW,1999,169096527
Aruba,ABW,2000,195211959
Aruba,ABW,2001,190423385
Aruba,ABW,2002,191501556
Aruba,ABW,2004,185782302
Aruba,ABW,2005,196379364
Aruba,ABW,2007,208241882
Aruba,ABW,2008,217690567
Aruba,ABW,2009,230907684
Aruba,ABW,2010,261542449
Aruba,ABW,2011,236859222
Aruba,ABW,2012,251538467
Aruba,ABW,2013,271751403
Aruba,ABW,2014,242879898
Aruba,ABW,2015,242890945
Aruba,ABW,2016,230413558
Australia,AUS,1991,29194619140
Australia,AUS,1992,28463437500
Australia,AUS,1993,33607742187
Australia,AUS,1994,33310980468
Australia,AUS,2020,85896945312
Australia,AUS,2021,86975968750
Austria,AUT,1990,18130177734
Austria,AUT,1991,19306349609
Austria,AUT,1992,20458939453
Austria,AUT,1993,20392064453
Austria,AUT,1995,22158906250
Austria,AUT,1996,21975740234
Austria,AUT,1998,26967613281
Austria,AUT,1999,27966029296
Austria,AUT,2000,26433882812
Austria,AUT,2001,26704996093
Austria,AUT,2002,26886324218
Austria,AUT,2003,26351617187
Austria,AUT,2004,26772419921
Austria,AUT,2005,27099304687
Austria,AUT,2006,27913320312
Austria,AUT,2007,28512671875
Austria,AUT,2008,29587029296
Austria,AUT,2009,30995406250
Austria,AUT,2010,31400818359
Austria,AUT,2011,31705148437
Austria,AUT,2012,31282314453
Austria,AUT,2013,31671164062
Austria,AUT,2014,31308794921
Austria,AUT,2015,31678470703
Austria,AUT,2016,32445093750
Austria,AUT,2017,32523769531
Austria,AUT,2018,32413128906
Austria,AUT,2019,32828179687
Austria,AUT,2020,32727103515
Austria,AUT,2021,33641597656
Azerbaijan,AZE,1992,3795229736
Azerbaijan,AZE,1995,1138744018
Azerbaijan,AZE,1996,1214106201
Azerbaijan,AZE,1998,1359655883
Azerbaijan,AZE,1999,1819772460
Azerbaijan,AZE,2000,1849860595
Azerbaijan,AZE,2001,1848067016
Azerbaijan,AZE,2002,1821050659
Azerbaijan,AZE,2003,2090735107
Azerbaijan,AZE,2004,2396503173
Azerbaijan,AZE,2005,2645809082
Azerbaijan,AZE,2006,3057236816
Azerbaijan,AZE,2007,3812218017
Azerbaijan,AZE,2008,4042905517
Azerbaijan,AZE,2009,5836881347
Azerbaijan,AZE,2010,5287837890
Azerbaijan,AZE,2011,4636423828
Azerbaijan,AZE,2012,4021106201
Azerbaijan,AZE,2013,5025375000
Azerbaijan,AZE,2014,5567252441
Azerbaijan,AZE,2015,6309261718
Azerbaijan,AZE,2016,6013680175
Azerbaijan,AZE,2017,5134150878
Azerbaijan,AZE,2018,5172422851
Azerbaijan,AZE,2019,6858560546
Azerbaijan,AZE,2020,8951496093
Azerbaijan,AZE,2021,8079409667
Azerbaijan,AZE,2022,6963050292
Bahamas,BHS,2000,263905426
Bahrain,BHR,2006,1512322143
Bahrain,BHR,2007,1467161743
Bahrain,BHR,2008,1511434082
Bahrain,BHR,2012,1812307617
Bahrain,BHR,2013,1788838623
Bahrain,BHR,2014,1859555786
Bahrain,BHR,2015,2068319580
Bahrain,BHR,2017,1938391357
Bangladesh,BGD,1991,2405770019
Bangladesh,BGD,1992,2849530761
Bangladesh,BGD,1993,3116672607
Bangladesh,BGD,1997,4911856933
Bangladesh,BGD,1999,5896703613
Bangladesh,BGD,2000,6149685058
Bangladesh,BGD,2001,6617967773
Bangladesh,BGD,2002,6458415527
Bangladesh,BGD,2003,6879664062
Bangladesh,BGD,2004,6755662109
Bangladesh,BGD,2006,8320569335
Bangladesh,BGD,2007,9171065429
Bangladesh,BGD,2008,9160130859
Bangladesh,BGD,2009,9166765625
Bangladesh,BGD,2011,11178854492
Bangladesh,BGD,2012,12140355468
Bangladesh,BGD,2013,11687669921
Bangladesh,BGD,2016,12538484375
Bangladesh,BGD,2019,11822244140
Barbados,BRB,1991,257052703
Barbados,BRB,1999,180511703
Barbados,BRB,2000,196744949
Barbados,BRB,2001,263863983
Barbados,BRB,2002,250187683
Barbados,BRB,2003,267812438
Barbados,BRB,2004,263937744
Barbados,BRB,2005,251906906
Barbados,BRB,2007,255768615
Barbados,BRB,2008,246089782
Barbados,BRB,2009,257193817
Barbados,BRB,2010,289330078
Barbados,BRB,2012,243838867
Barbados,BRB,2013,237568206
Barbados,BRB,2014,279516937
Barbados,BRB,2016,218910415
Barbados,BRB,2017,208496810
Barbados,BRB,2019,195398803
Barbados,BRB,2020,200090133
Barbados,BRB,2021,204176055
Barbados,BRB,2022,183202056
Barbados,BRB,2023,190411407
Belarus,BLR,1999,6778367187
Belarus,BLR,2000,7406518066
Belarus,BLR,2004,8960515625
Belarus,BLR,2005,10075273437
Belarus,BLR,2006,11471548828
Belarus,BLR,2007,10562087890
Belarus,BLR,2009,9889870117
Belarus,BLR,2010,12737956054
Belarus,BLR,2011,12046743164
Belarus,BLR,2012,12968679687
Belarus,BLR,2013,13230272460
Belarus,BLR,2014,12945254882
Belarus,BLR,2015,12369879882
Belarus,BLR,2016,12457961914
Belarus,BLR,2017,12382022460
Belarus,BLR,2018,12882721679
Belarus,BLR,2019,13455227539
Belarus,BLR,2020,13051080078
Belarus,BLR,2021,12664887695
Belarus,BLR,2022,12132124023
Belarus,BLR,2023,13483891601
Belgium,BEL,1993,24937060546
Belgium,BEL,1994,25927339843
Belgium,BEL,1995,14661843750
Belgium,BEL,1996,15157934570
Belgium,BEL,2005,36049535156
Belgium,BEL,2008,42067941406
Belgium,BEL,2009,42032464843
Belgium,BEL,2010,43132550781
Belgium,BEL,2011,43791257812
Belgium,BEL,2012,45241226562
Belgium,BEL,2013,45685589843
Belgium,BEL,2014,46126359375
Belgium,BEL,2015,46076027343
Belgium,BEL,2016,46733109375
Belgium,BEL,2017,47222546875
Belgium,BEL,2018,47738039062
Belgium,BEL,2019,48447476562
Belgium,BEL,2020,49266628906
Belgium,BEL,2021,49222945312
Belize,BLZ,1999,89822631
Belize,BLZ,2000,89742866
Belize,BLZ,2001,115846488
Belize,BLZ,2003,118094436
Belize,BLZ,2004,133179824
Belize,BLZ,2008,165209884
Belize,BLZ,2009,181519149
Belize,BLZ,2010,197340393
Belize,BLZ,2013,202053512
Belize,BLZ,2014,211675262
Belize,BLZ,2015,229643859
Belize,BLZ,2016,251630233
Belize,BLZ,2017,261627075
Belize,BLZ,2018,264530853
Belize,BLZ,2019,260262390
Belize,BLZ,2020,237238143
Belize,BLZ,2021,233399795
Belize,BLZ,2022,212557296
Belize,BLZ,2023,213982574
Benin,BEN,1998,353489898
Benin,BEN,1999,355942901
Benin,BEN,2000,414379882
Benin,BEN,2001,488401489
Benin,BEN,2002,466647705
Benin,BEN,2003,510361114
Benin,BEN,2004,599204223
Benin,BEN,2005,630787170
Benin,BEN,2006,632640686
Benin,BEN,2007,618175109
Benin,BEN,2008,762029418
Benin,BEN,2009,867293640
Benin,BEN,2010,1054968261
Benin,BEN,2012,1102005004
Benin,BEN,2013,1103486206
Benin,BEN,2014,1115193481
Benin,BEN,2015,1139039184
Benin,BEN,2016,1075476928
Benin,BEN,2017,1385984008
Benin,BEN,2018,1226189819
Bermuda,BMU,1991,126425819
Bermuda,BMU,1992,134553253
Bermuda,BMU,1998,107512397
Bermuda,BMU,2003,102761291
Bermuda,BMU,2004,112062889
Bermuda,BMU,2005,127598068
Bermuda,BMU,2009,166665435
Bermuda,BMU,2010,158488815
Bermuda,BMU,2014,93580421
Bermuda,BMU,2015,88050262
Bermuda,BMU,2017,77778358
Bhutan,BTN,2000,161548583
Bhutan,BTN,2001,170689941
Bhutan,BTN,2004,245028396
Bhutan,BTN,2005,284642303
Bhutan,BTN,2008,252205673
Bhutan,BTN,2009,254938644
Bhutan,BTN,2010,237484115
Bhutan,BTN,2011,306477172
Bhutan,BTN,2013,415911346
Bhutan,BTN,2014,446440704
Bhutan,BTN,2015,598427917
Bhutan,BTN,2016,589371520
Bhutan,BTN,2017,659915283
Bhutan,BTN,2018,658835388
Bolivia,BOL,2006,4445150878
Bolivia,BOL,2007,4854843261
Bolivia,BOL,2008,5155285156
Bolivia,BOL,2009,6003474121
Bolivia,BOL,2010,5755181640
Bolivia,BOL,2011,5600413574
Bolivia,BOL,2012,6049232910
Bolivia,BOL,2013,6631123046
Bolivia,BOL,2014,7686983886
Bolivia,BOL,2015,8777452148
Bolivia,BOL,2016,9159782226
Bolivia,BOL,2017,9481558593
Bolivia,BOL,2018,9782720703
Bolivia,BOL,2019,10093344726
Bolivia,BOL,2020,9605385742
Bolivia,BOL,2021,9618643554
Bosnia and Herzegovina,BIH,2016,2418504882
Bosnia and Herzegovina,BIH,2018,2366667480
Bosnia and Herzegovina,BIH,2019,2529777099
Bosnia and Herzegovina,BIH,2021,2694577148
Botswana,BWA,1992,1053719970
Botswana,BWA,2005,2816162109
Botswana,BWA,2007,2644821289
Botswana,BWA,2009,3137669921
Brazil,BRA,1995,107164164062
Brazil,BRA,1998,118321507812
Brazil,BRA,1999,94982398437
Brazil,BRA,2000,103019164062
Brazil,BRA,2001,101693695312
Brazil,BRA,2002,102228195312
Brazil,BRA,2004,115884375000
Brazil,BRA,2005,134778875000
Brazil,BRA,2006,152366625000
Brazil,BRA,2007,165054750000
Brazil,BRA,2008,183735671875
Brazil,BRA,2009,190285703125
Brazil,BRA,2010,211548625000
Brazil,BRA,2011,223406671875
Brazil,BRA,2012,232369453125
Brazil,BRA,2013,238687390625
Brazil,BRA,2014,244394468750
Brazil,BRA,2015,247323328125
Brazil,BRA,2016,242018453125
Brazil,BRA,2017,245470250000
Brazil,BRA,2018,240678968750
Brazil,BRA,2019,238613984375
Brazil,BRA,2020,223365406250
Brazil,BRA,2021,222873281250
Brunei,BRN,1990,1031086791
Brunei,BRN,1991,985366516
Brunei,BRN,1992,1054410644
Brunei,BRN,1993,1211803344
Brunei,BRN,1998,1610591552
Brunei,BRN,1999,1558060058
Brunei,BRN,2000,1204075561
Brunei,BRN,2010,693297180
Brunei,BRN,2011,1154619140
Brunei,BRN,2012,1041910400
Brunei,BRN,2014,1194171875
Brunei,BRN,2016,1530458374
Bulgaria,BGR,1990,6388922363
Bulgaria,BGR,1991,7130533691
Bulgaria,BGR,1992,6405969726
Bulgaria,BGR,1993,5939262695
Bulgaria,BGR,1994,5094650390
Bulgaria,BGR,1995,2980524169
Bulgaria,BGR,1996,2947971923
Bulgaria,BGR,1998,3227971923
Bulgaria,BGR,2001,3966611083
Bulgaria,BGR,2002,4201818847
Bulgaria,BGR,2003,5221560058
Bulgaria,BGR,2004,5911243652
Bulgaria,BGR,2005,6118267578
Bulgaria,BGR,2006,6207908203
Bulgaria,BGR,2007,6242546386
Bulgaria,BGR,2008,7595019531
Bulgaria,BGR,2009,7436852050
Bulgaria,BGR,2010,6815990722
Bulgaria,BGR,2011,6398234375
Bulgaria,BGR,2012,6318209472
Bulgaria,BGR,2013,7334380371
Bulgaria,BGR,2017,8143597167
Bulgaria,BGR,2018,8300570312
Bulgaria,BGR,2019,8959732421
Bulgaria,BGR,2020,9231632812
Bulgaria,BGR,2021,10435737304
Burkina Faso,BFA,1994,428386810
Burkina Faso,BFA,1996,209818725
Burkina Faso,BFA,2005,975923522
Burkina Faso,BFA,2006,1047750122
Burkina Faso,BFA,2007,1117573242
Burkina Faso,BFA,2010,1133329956
Burkina Faso,BFA,2011,1375008544
Burkina Faso,BFA,2012,1323428955
Burkina Faso,BFA,2013,1586713989
Burkina Faso,BFA,2014,1643151489
Burkina Faso,BFA,2015,1546140258
Burkina Faso,BFA,2017,2668306396
Burkina Faso,BFA,2018,2773851562
Burundi,BDI,1990,228463973
Burundi,BDI,1991,249472274
Burundi,BDI,1992,274509613
Burundi,BDI,1994,296913299
Burundi,BDI,1995,300336822
Burundi,BDI,1996,224968048
Burundi,BDI,1999,192133407
Burundi,BDI,2000,181027572
Burundi,BDI,2001,202796905
Burundi,BDI,2002,219182617
Burundi,BDI,2004,282861053
Burundi,BDI,2005,276809753
Burundi,BDI,2008,452563659
Burundi,BDI,2009,558397094
Burundi,BDI,2010,644390014
Burundi,BDI,2011,625256896
Burundi,BDI,2012,637405883
Burundi,BDI,2013,650101745
Burundi,BDI,2014,766865539
Burundi,BDI,2015,692076904
Burundi,BDI,2016,506603332
Burundi,BDI,2017,516734191
Burundi,BDI,2018,559964355
Cambodia,KHM,1998,209897613
Cambodia,KHM,2000,344473327
Cambodia,KHM,2001,384927612
Cambodia,KHM,2002,407627258
Cambodia,KHM,2004,490491455
Cambodia,KHM,2007,630632629
Cambodia,KHM,2009,701363647
Cambodia,KHM,2010,684339599
Cambodia,KHM,2011,721687377
Cambodia,KHM,2012,800206604
Cambodia,KHM,2013,1128556274
Cambodia,KHM,2014,1125933959
Cambodia,KHM,2018,1677483642
Cameroon,CMR,1991,1458870361
Cameroon,CMR,1992,1198827270
Cameroon,CMR,2000,1038723632
Cameroon,CMR,2001,1461962158
Cameroon,CMR,2003,1978962402
Cameroon,CMR,2004,2097974853
Cameroon,CMR,2005,2038246337
Cameroon,CMR,2006,2023014160
Cameroon,CMR,2007,2391637207
Cameroon,CMR,2008,2135077392
Cameroon,CMR,2009,2549260742
Cameroon,CMR,2010,2569149414
Cameroon,CMR,2011,2474435302
Cameroon,CMR,2012,2539818603
Cameroon,CMR,2013,2720397949
Cameroon,CMR,2014,2798535156
Cameroon,CMR,2015,3041768066
Cameroon,CMR,2016,3065399169
Cameroon,CMR,2017,3789928466
Cameroon,CMR,2018,3902927001
Canada,CAN,1991,75719015625
Canada,CAN,1992,72915609375
Canada,CAN,1993,83724328125
Canada,CAN,1994,74531390625
Canada,CAN,1995,73745625000
Canada,CAN,1998,69969460937
Canada,CAN,1999,73183351562
Canada,CAN,2000,75450445312
Canada,CAN,2001,72448453125
Canada,CAN,2002,74403812500
Canada,CAN,2005,76772296875
Canada,CAN,2007,81336445312
Canada,CAN,2008,80560742187
Canada,CAN,2009,85134445312
Canada,CAN,2010,91459710937
Canada,CAN,2011,92626320312
Canada,CAN,2013,84775828125
Canada,CAN,2014,91560007812
Canada,CAN,2015,92164414062
Canada,CAN,2016,94271304687
Canada,CAN,2017,98089382812
Canada,CAN,2018,99618757812
Canada,CAN,2019,99921656250
Canada,CAN,2020,104282414062
Canada,CAN,2021,96205226562
Cape Verde,CPV,1998,100925300
Cape Verde,CPV,1999,119450599
Cape Verde,CPV,2002,158571197
Cape Verde,CPV,2004,172790115
Cape Verde,CPV,2006,174215057
Cape Verde,CPV,2007,178273437
Cape Verde,CPV,2008,193701126
Cape Verde,CPV,2009,184392517
Cape Verde,CPV,2010,195910263
Cape Verde,CPV,2011,184399505
Cape Verde,CPV,2013,186095947
Cape Verde,CPV,2014,185740264
Cape Verde,CPV,2015,199291015
Cape Verde,CPV,2016,205596954
Cape Verde,CPV,2017,207631393
Cape Verde,CPV,2019,208854156
Cayman Islands,CYM,2019,63438629
Cayman Islands,CYM,2020,77201629
Cayman Islands,CYM,2021,73037002
Cayman Islands,CYM,2022,87125526
Central African Republic,CAF,1990,102190940
Central African Republic,CAF,1991,103080329
Central African Republic,CAF,1999,88599136
Central African Republic,CAF,2000,82438362
Central African Republic,CAF,2002,84083061
Central African Republic,CAF,2003,80603492
Central African Republic,CAF,2004,90136993
Central African Republic,CAF,2005,92505867
Central African Republic,CAF,2006,83007766
Central African Republic,CAF,2007,80589279
Central African Republic,CAF,2008,80785202
Central African Republic,CAF,2009,85312690
Central African Republic,CAF,2010,79518142
Central African Republic,CAF,2011,82135559
Chad,TCD,1997,205866653
Chad,TCD,1998,159711395
Chad,TCD,1999,310489532
Chad,TCD,2000,252348846
Chad,TCD,2001,258286132
Chad,TCD,2004,282051666
Chad,TCD,2005,366721221
Chad,TCD,2009,558409179
Chad,TCD,2010,543614135
Chad,TCD,2011,619817810
Chad,TCD,2012,659408325
Chad,TCD,2013,900631286
Chad,TCD,2017,774846435
Chad,TCD,2021,937060485
Chile,CHL,1990,3584256835
Chile,CHL,1993,4850232421
Chile,CHL,1994,5367981445
Chile,CHL,1995,5970622070
Chile,CHL,1996,6905183105
Chile,CHL,1997,7970880371
Chile,CHL,1998,9244256835
Chile,CHL,1999,10287748046
Chile,CHL,2000,10940959960
Chile,CHL,2002,12551966796
Chile,CHL,2003,12722379882
Chile,CHL,2004,12270628906
Chile,CHL,2005,12023217773
Chile,CHL,2006,11817612304
Chile,CHL,2007,13217446289
Chile,CHL,2008,16089024414
Chile,CHL,2009,17851113281
Chile,CHL,2010,18606048828
Chile,CHL,2011,19161097656
Chile,CHL,2013,23529958984
Chile,CHL,2014,25023693359
Chile,CHL,2015,26381089843
Chile,CHL,2016,29375603515
Chile,CHL,2017,30142427734
Chile,CHL,2018,31577441406
Chile,CHL,2019,32667529296
Chile,CHL,2020,30680349609
Chile,CHL,2021,30331193359
China,CHN,1992,41290484375
China,CHN,1993,47116734375
China,CHN,1994,63791855468
China,CHN,1995,65654078125
China,CHN,1996,72618343750
China,CHN,1998,85131460937
China,CHN,1999,93826085937
Colombia,COL,1998,16014021484
Colombia,COL,1999,17350429687
Comoros,COM,1998,36828460
Comoros,COM,2002,41290870
Comoros,COM,2008,93084129
Comoros,COM,2011,66471710
Comoros,COM,2012,66576133
Comoros,COM,2013,60309211
Comoros,COM,2014,70934539
Comoros,COM,2015,66528816
Congo,COG,1994,1272032226
Congo,COG,1995,1019129577
Congo,COG,1998,907792114
Congo,COG,2002,814465454
Congo,COG,2003,725842651
Congo,COG,2004,605949279
Congo,COG,2005,523857177
Congo,COG,2010,2331543457
Congo,COG,2014,1552593750
Congo,COG,2015,1537614135
Congo,COG,2017,1761972778
Congo,COG,2018,1143491577
Costa Rica,CRI,1995,1604397216
Costa Rica,CRI,1996,1886991210
Costa Rica,CRI,1999,3081606933
Costa Rica,CRI,2000,2769206787
Costa Rica,CRI,2001,2967259277
Costa Rica,CRI,2002,3270857666
Costa Rica,CRI,2003,3401004394
Costa Rica,CRI,2004,3383300292
Costa Rica,CRI,2006,3563676513
Costa Rica,CRI,2007,3871785644
Costa Rica,CRI,2008,4276145507
Costa Rica,CRI,2009,5213126953
Costa Rica,CRI,2010,6000168457
Costa Rica,CRI,2011,6087039550
Costa Rica,CRI,2012,6586902832
Costa Rica,CRI,2013,6858919921
Costa Rica,CRI,2014,7093505859
Costa Rica,CRI,2015,7566083007
Costa Rica,CRI,2016,7907662597
Costa Rica,CRI,2017,8446523437
Costa Rica,CRI,2018,8299826171
Costa Rica,CRI,2019,8460494140
Costa Rica,CRI,2020,7967812988
Costa Rica,CRI,2021,8106400878
Cote d'Ivoire,CIV,1992,3119987304
Cote d'Ivoire,CIV,1993,2986281738
Cote d'Ivoire,CIV,1994,2216865478
Cote d'Ivoire,CIV,1995,2133197509
Cote d'Ivoire,CIV,1996,2167068603
Cote d'Ivoire,CIV,1997,2283172363
Cote d'Ivoire,CIV,1998,2214010986
Cote d'Ivoire,CIV,1999,2470087158
Cote d'Ivoire,CIV,2000,2202073242
Cote d'Ivoire,CIV,2001,2194552734
Cote d'Ivoire,CIV,2002,2453944335
Cote d'Ivoire,CIV,2003,2382804443
Cote d'Ivoire,CIV,2004,2499374023
Cote d'Ivoire,CIV,2005,2528778076
Cote d'Ivoire,CIV,2006,2511417236
Cote d'Ivoire,CIV,2007,2715681884
Cote d'Ivoire,CIV,2008,2923293701
Cote d'Ivoire,CIV,2009,3102335449
Cote d'Ivoire,CIV,2010,3390584716
Cote d'Ivoire,CIV,2011,2832196533
Cote d'Ivoire,CIV,2012,3652904541
Cote d'Ivoire,CIV,2013,4074389648
Cote d'Ivoire,CIV,2014,4270155273
Cote d'Ivoire,CIV,2015,4825941894
Cote d'Ivoire,CIV,2016,5826052246
Cote d'Ivoire,CIV,2017,5940794921
Cote d'Ivoire,CIV,2018,5353561523
Cote d'Ivoire,CIV,2019,6071713378
Cote d'Ivoire,CIV,2020,6783609375
Cote d'Ivoire,CIV,2021,6381352050
Cote d'Ivoire,CIV,2022,7154575683
Cote d'Ivoire,CIV,2023,7444147949
Croatia,HRV,2002,4198182128
Croatia,HRV,2003,4486616699
Croatia,HRV,2004,4617530761
Croatia,HRV,2007,5520051269
Croatia,HRV,2008,6068574218
Croatia,HRV,2009,5766090332
Croatia,HRV,2010,5485622558
Croatia,HRV,2011,5349187988
Croatia,HRV,2013,5725288085
Croatia,HRV,2017,5355779296
Croatia,HRV,2018,5586076171
Croatia,HRV,2019,5790201171
Croatia,HRV,2020,5930479980
Croatia,HRV,2021,6196227539
Curacao,CUW,2013,266150024
Cyprus,CYP,1990,584258911
Cyprus,CYP,1991,630203613
Cyprus,CYP,1992,728955688
Cyprus,CYP,1993,795273315
Cyprus,CYP,1994,855441223
Cyprus,CYP,1995,833669677
Cyprus,CYP,1999,1231222900
Cyprus,CYP,2000,1364123046
Cyprus,CYP,2001,1453845458
Cyprus,CYP,2002,1645383422
Cyprus,CYP,2003,2017853637
Cyprus,CYP,2004,1943733398
Cyprus,CYP,2005,2094347900
Cyprus,CYP,2006,2208281494
Cyprus,CYP,2007,2302736083
Cyprus,CYP,2008,2554644287
Cyprus,CYP,2009,2682888671
Cyprus,CYP,2010,2485236816
Cyprus,CYP,2011,2493608886
Cyprus,CYP,2013,2230779541
Cyprus,CYP,2014,2175453369
Cyprus,CYP,2015,2209114257
Cyprus,CYP,2016,2284578857
Cyprus,CYP,2017,2250337158
Cyprus,CYP,2019,2294677490
Cyprus,CYP,2020,2396028564
Cyprus,CYP,2021,2446126220
Czechia,CZE,1992,10126471679
Czechia,CZE,1993,11231736328
Czechia,CZE,1994,12923944335
Czechia,CZE,1995,13372194335
Czechia,CZE,1996,13101119140
Czechia,CZE,1998,10952903320
Czechia,CZE,1999,11375614257
Czechia,CZE,2000,11743045898
Czechia,CZE,2001,12407824218
Czechia,CZE,2002,13365442382
Czechia,CZE,2003,14398731445
Czechia,CZE,2004,14634111328
Czechia,CZE,2005,15105990234
Czechia,CZE,2006,17503253906
Czechia,CZE,2007,16944095703
Czechia,CZE,2008,16856638671
Czechia,CZE,2009,17877716796
Czechia,CZE,2010,17815876953
Czechia,CZE,2011,19067042968
Czechia,CZE,2012,18822015625
Czechia,CZE,2013,18038025390
Czechia,CZE,2014,18074421875
Czechia,CZE,2015,27630808593
Czechia,CZE,2016,27356185546
Czechia,CZE,2017,19717132812
Czechia,CZE,2018,22811185546
Czechia,CZE,2019,25025167968
Czechia,CZE,2020,24580509765
Czechia,CZE,2021,25893830078
Democratic Republic of Congo,COD,2010,1154165649
Democratic Republic of Congo,COD,2013,1937782348
Democratic Republic of Congo,COD,2014,2007349365
Democratic Republic of Congo,COD,2015,2085771240
Democratic Republic of Congo,COD,2016,2386037841
Democratic Republic of Congo,COD,2017,1699608886
Denmark,DNK,1991,14808846679
Denmark,DNK,1993,20971357421
Denmark,DNK,1994,21232064453
Denmark,DNK,1995,21874826171
Denmark,DNK,1996,23756246093
Denmark,DNK,1998,25780419921
Denmark,DNK,1999,25965585937
Denmark,DNK,2000,27458751953
Denmark,DNK,2001,28133763671
Denmark,DNK,2002,28256654296
Denmark,DNK,2003,28052236328
Denmark,DNK,2004,29104615234
Denmark,DNK,2005,29341736328
Denmark,DNK,2006,29148724609
Denmark,DNK,2007,28978794921
Denmark,DNK,2008,28302103515
Denmark,DNK,2009,30415613281
Denmark,DNK,2010,31390544921
Denmark,DNK,2011,31532572265
Denmark,DNK,2012,26959093750
Denmark,DNK,2013,31934964843
Denmark,DNK,2014,29168185546
Denmark,DNK,2016,31047337890
Denmark,DNK,2017,29535933593
Denmark,DNK,2018,30889974609
Denmark,DNK,2019,31171484375
Denmark,DNK,2020,30954376953
Denmark,DNK,2021,31354744140
Djibouti,DJI,2015,194196914
Djibouti,DJI,2016,226718490
Djibouti,DJI,2017,227583450
Djibouti,DJI,2018,239597625
Dominica,DMA,1998,54293449
Dominica,DMA,1999,38241489
Dominica,DMA,2015,39280670
Dominica,DMA,2019,61670669
Dominica,DMA,2020,55210289
Dominican Republic,DOM,1993,510754943
Dominican Republic,DOM,1994,604892761
Dominican Republic,DOM,1995,739421569
Dominican Republic,DOM,1996,930702270
Dominican Republic,DOM,2000,1844962524
Dominican Republic,DOM,2001,1969967041
Dominican Republic,DOM,2002,2002223632
Dominican Republic,DOM,2003,1903701904
Dominican Republic,DOM,2007,2831250000
East Timor,TLS,2008,338202453
East Timor,TLS,2009,554364685
East Timor,TLS,2010,521732910
East Timor,TLS,2011,507373748
East Timor,TLS,2012,373817535
East Timor,TLS,2013,304926177
East Timor,TLS,2014,422458648
East Timor,TLS,2015,487829254
East Timor,TLS,2016,482020751
East Timor,TLS,2017,411458343
East Timor,TLS,2018,390936981
Ecuador,ECU,1995,2463783935
Ecuador,ECU,1998,2967628173
Ecuador,ECU,1999,1992513061
Ecuador,ECU,2000,1498229492
Ecuador,ECU,2009,8165593261
Ecuador,ECU,2010,8650035156
Ecuador,ECU,2011,9677329101
Ecuador,ECU,2012,10040304687
Ecuador,ECU,2013,11404866210
Ecuador,ECU,2014,12562511718
Ecuador,ECU,2015,12325250000
Ecuador,ECU,2019,10917277343
Ecuador,ECU,2020,9943550781
Ecuador,ECU,2021,9348248046
Ecuador,ECU,2022,9793749023
Ecuador,ECU,2023,10845172851
Egypt,EGY,1992,19152425781
Egypt,EGY,1993,20735384765
Egypt,EGY,1994,23299232421
Egypt,EGY,1995,24331902343
Egypt,EGY,1996,25835175781
Egypt,EGY,2003,42246429687
Egypt,EGY,2004,41530761718
Egypt,EGY,2005,44537093750
Egypt,EGY,2006,39718035156
Egypt,EGY,2007,39162148437
Egypt,EGY,2008,42832707031
El Salvador,SLV,1998,1183530517
El Salvador,SLV,1999,1216410400
El Salvador,SLV,2000,1362647949
El Salvador,SLV,2002,1595050659
El Salvador,SLV,2003,1565982055
El Salvador,SLV,2005,1644612915
El Salvador,SLV,2006,1886097656
El Salvador,SLV,2007,1985217163
El Salvador,SLV,2008,2504533691
El Salvador,SLV,2009,2562471923
El Salvador,SLV,2010,2274183349
El Salvador,SLV,2011,2272821533
El Salvador,SLV,2012,2226824462
El Salvador,SLV,2013,2330015136
El Salvador,SLV,2014,2384444824
El Salvador,SLV,2015,2496400146
El Salvador,SLV,2016,2504376708
El Salvador,SLV,2017,2493717773
El Salvador,SLV,2018,2471963867
El Salvador,SLV,2019,2378672607
El Salvador,SLV,2020,2368008056
El Salvador,SLV,2021,2589671386
El Salvador,SLV,2022,2423073974
El Salvador,SLV,2023,2443331542
Equatorial Guinea,GNQ,1998,103876029
Estonia,EST,1992,1267278198
Estonia,EST,1993,1288803466
Estonia,EST,1994,1222267822
Estonia,EST,1995,1371624145
Estonia,EST,1996,1477556030
Estonia,EST,1997,1748436401
Estonia,EST,1998,1794807128
Estonia,EST,1999,1906736938
Estonia,EST,2000,1684775268
Estonia,EST,2001,1748798828
Estonia,EST,2002,1940836791
Estonia,EST,2003,2026282836
Estonia,EST,2004,2001481689
Estonia,EST,2005,2162270751
Estonia,EST,2007,2452267578
Estonia,EST,2008,2761565185
Estonia,EST,2009,2562208984
Estonia,EST,2010,2430062011
Estonia,EST,2011,2368803710
Estonia,EST,2012,2300558349
Estonia,EST,2013,2396525390
Estonia,EST,2014,2239583007
Estonia,EST,2015,2670329345
Estonia,EST,2016,2761794433
Estonia,EST,2017,2810549072
Estonia,EST,2018,3080732421
Estonia,EST,2019,3217503662
Estonia,EST,2020,3347906005
Estonia,EST,2021,3419253906
Eswatini,SWZ,1994,262071624
Eswatini,SWZ,1995,295137817
Eswatini,SWZ,1996,270251373
Eswatini,SWZ,1999,306062652
Eswatini,SWZ,2000,340936065
Eswatini,SWZ,2001,304723846
Eswatini,SWZ,2002,282646423
Eswatini,SWZ,2003,386434295
Eswatini,SWZ,2004,372777191
Eswatini,SWZ,2005,463736145
Eswatini,SWZ,2006,496871276
Eswatini,SWZ,2008,555319702
Eswatini,SWZ,2009,547466064
Eswatini,SWZ,2010,525705749
Eswatini,SWZ,2011,612175537
Eswatini,SWZ,2014,705773132
Ethiopia,ETH,1993,810892395
Ethiopia,ETH,1996,1184171752
Ethiopia,ETH,1997,1323315795
Ethiopia,ETH,2000,2001142578
Ethiopia,ETH,2001,2021157226
Ethiopia,ETH,2002,2148805175
Ethiopia,ETH,2006,4097070800
Ethiopia,ETH,2007,4508039550
Ethiopia,ETH,2008,4984922851
Ethiopia,ETH,2009,4515711425
Ethiopia,ETH,2010,4995997558
Ethiopia,ETH,2011,6859993652
Ethiopia,ETH,2012,7739460449
Ethiopia,ETH,2013,6795169433
Ethiopia,ETH,2014,7687093750
Fiji,FJI,1998,438286956
Fiji,FJI,1999,446123077
Fiji,FJI,2000,498703125
Fiji,FJI,2001,488371643
Fiji,FJI,2002,560513122
Fiji,FJI,2004,589786010
Fiji,FJI,2005,494236145
Fiji,FJI,2006,550960083
Fiji,FJI,2007,569397216
Fiji,FJI,2008,415114746
Fiji,FJI,2009,432931213
Fiji,FJI,2011,424664581
Fiji,FJI,2013,419683105
Finland,FIN,1990,11173138671
Finland,FIN,1991,12482253906
Finland,FIN,1992,12419596679
Finland,FIN,1993,14166395507
Finland,FIN,1994,13488375000
Finland,FIN,1995,13960483398
Finland,FIN,1996,14576730468
Finland,FIN,1999,14601471679
Finland,FIN,2000,15021811523
Finland,FIN,2001,15767429687
Finland,FIN,2002,16521349609
Finland,FIN,2003,17274386718
Finland,FIN,2004,17935253906
Finland,FIN,2005,18037132812
Finland,FIN,2006,18462449218
Finland,FIN,2007,18597662109
Finland,FIN,2008,19268441406
Finland,FIN,2009,19624996093
Finland,FIN,2010,20390986328
Finland,FIN,2011,20719515625
Finland,FIN,2012,22658324218
Finland,FIN,2013,22378617187
Finland,FIN,2014,22229162109
Finland,FIN,2015,22128808593
Finland,FIN,2016,22166810546
Finland,FIN,2017,21243822265
Finland,FIN,2018,21190404296
Finland,FIN,2019,21933134765
Finland,FIN,2020,22144164062
Finland,FIN,2021,22440816406
France,FRA,1990,111252789062
France,FRA,1991,120571710937
France,FRA,1992,119820148437
France,FRA,1993,136521921875
France,FRA,1994,144807640625
France,FRA,1995,152175843750
France,FRA,1996,153419890625
France,FRA,1998,160694656250
France,FRA,2017,204033390625
France,FRA,2018,206145093750
France,FRA,2019,207896640625
France,FRA,2020,203183015625
France,FRA,2021,207492281250
Gabon,GAB,1992,708468627
Gabon,GAB,1998,1108046875
Gabon,GAB,1999,909204589
Gabon,GAB,2000,1108028564
Gabon,GAB,2010,1091814208
Gabon,GAB,2011,1134816894
Gabon,GAB,2012,1204778198
Gabon,GAB,2013,1279599975
Gabon,GAB,2014,1174866088
Gambia,GMB,1991,75290161
Gambia,GMB,1992,51930370
Gambia,GMB,1995,115065391
Gambia,GMB,1996,116658569
Gambia,GMB,1999,82446952
Gambia,GMB,2000,81465339
Gambia,GMB,2001,60215358
Gambia,GMB,2002,69014518
Gambia,GMB,2003,61759479
Gambia,GMB,2004,30184980
Gambia,GMB,2005,32762020
Gambia,GMB,2006,35393211
Gambia,GMB,2007,39635379
Gambia,GMB,2008,112462226
Gambia,GMB,2009,104936592
Gambia,GMB,2010,149290420
Gambia,GMB,2011,133832473
Gambia,GMB,2012,148528442
Gambia,GMB,2013,105340042
Gambia,GMB,2014,127420181
Gambia,GMB,2015,128376235
Gambia,GMB,2016,122655441
Gambia,GMB,2018,161097274
Georgia,GEO,1994,1246026977
Georgia,GEO,1998,493971405
Georgia,GEO,1999,519279907
Georgia,GEO,2000,535196228
Georgia,GEO,2001,549725585
Georgia,GEO,2002,606269531
Georgia,GEO,2003,622266967
Georgia,GEO,2004,928765319
Georgia,GEO,2005,867698242
Georgia,GEO,2006,1147924316
Georgia,GEO,2007,1160293334
Georgia,GEO,2008,1286519165
Georgia,GEO,2009,1368122680
Georgia,GEO,2011,1242669921
Georgia,GEO,2012,979705749
Georgia,GEO,2016,2170990722
Georgia,GEO,2017,2283686035
Georgia,GEO,2018,2378503906
Georgia,GEO,2019,2773658935
Georgia,GEO,2021,2699052001
Georgia,GEO,2022,3128608642
Georgia,GEO,2023,3347795898
Germany,DEU,1993,168255921875
Germany,DEU,1994,169494265625
Germany,DEU,1995,175846921875
Germany,DEU,1996,179822734375
Germany,DEU,1998,185367390625
Germany,DEU,2008,219667593750
Germany,DEU,2010,241752125000
Germany,DEU,2011,245737500000
Germany,DEU,2012,244003125000
Germany,DEU,2013,245416328125
Germany,DEU,2014,250108328125
Germany,DEU,2015,250442187500
Germany,DEU,2016,255187531250
Germany,DEU,2017,263792468750
Germany,DEU,2018,272258593750
Germany,DEU,2019,282713250000
Germany,DEU,2020,297133625000
Germany,DEU,2021,299105437500
Ghana,GHA,1999,1270559082
Ghana,GHA,2001,1785010375
Ghana,GHA,2004,2916346923
Ghana,GHA,2005,3041891601
Ghana,GHA,2006,3675828857
Ghana,GHA,2007,4112731933
Ghana,GHA,2008,4682662597
Ghana,GHA,2009,4533902832
Ghana,GHA,2010,5097375976
Ghana,GHA,2011,8541829101
Ghana,GHA,2012,9081222656
Ghana,GHA,2013,7504425781
Ghana,GHA,2014,7420772949
Ghana,GHA,2015,7637157714
Ghana,GHA,2016,7824428222
Ghana,GHA,2017,6803053710
Ghana,GHA,2018,7945555664
Greece,GRC,1990,6214512207
Greece,GRC,1991,6057232421
Greece,GRC,1998,10436982421
Greece,GRC,1999,11260376953
Greece,GRC,2000,12484234375
Greece,GRC,2001,13540891601
Greece,GRC,2002,14321883789
Greece,GRC,2003,15174050781
Greece,GRC,2004,17047703125
Greece,GRC,2005,18537677734
Greece,GRC,2015,13745720703
Greece,GRC,2017,13132083007
Greece,GRC,2018,13812923828
Greece,GRC,2019,14028684570
Grenada,GRD,2003,49739479
Grenada,GRD,2017,63930068
Guatemala,GTM,1993,1566666870
Guatemala,GTM,1994,1408959472
Guatemala,GTM,1995,1647928100
Guatemala,GTM,1996,1653224731
Guatemala,GTM,2006,4055933105
Guatemala,GTM,2007,4391543457
Guatemala,GTM,2008,4754705566
Guatemala,GTM,2010,4325676269
Guatemala,GTM,2011,4695590820
Guatemala,GTM,2012,4894886718
Guatemala,GTM,2013,4877872070
Guatemala,GTM,2014,5266690917
Guatemala,GTM,2015,5564297851
Guatemala,GTM,2016,5551934082
Guatemala,GTM,2017,5733340332
Guatemala,GTM,2018,6294109863
Guatemala,GTM,2019,6674573730
Guatemala,GTM,2020,6764498046
Guatemala,GTM,2021,6887483886
Guatemala,GTM,2022,7455194824
Guatemala,GTM,2023,7595461914
Guinea,GIN,1991,205786514
Guinea,GIN,1992,211457015
Guinea,GIN,1993,231214935
Guinea,GIN,1999,336145568
Guinea,GIN,2000,378408111
Guinea,GIN,2001,314887786
Guinea,GIN,2002,412583770
Guinea,GIN,2003,381845520
Guinea,GIN,2004,364242401
Guinea,GIN,2005,313888610
Guinea,GIN,2008,440491210
Guinea,GIN,2009,608023010
Guinea,GIN,2010,736591491
Guinea,GIN,2011,697500671
Guinea,GIN,2012,592224792
Guinea,GIN,2013,884330444
Guinea,GIN,2014,843425292
Guinea,GIN,2015,909788208
Guinea,GIN,2016,1019192871
Guinea,GIN,2017,1025135864
Guinea,GIN,2018,1120381103
Guinea,GIN,2019,922170104
Guinea,GIN,2020,1266713500
Guinea-Bissau,GNB,1999,47833549
Guinea-Bissau,GNB,2010,55651401
Guinea-Bissau,GNB,2011,63144130
Guinea-Bissau,GNB,2012,66295700
Guinea-Bissau,GNB,2013,72950408
Guyana,GUY,1994,81500518
Guyana,GUY,1995,82955528
Guyana,GUY,1999,228323455
Guyana,GUY,2000,223186203
Guyana,GUY,2001,225937164
Guyana,GUY,2002,227632080
Guyana,GUY,2003,188078033
Guyana,GUY,2004,151392684
Guyana,GUY,2005,219166946
Guyana,GUY,2006,229733535
Guyana,GUY,2007,181287826
Guyana,GUY,2009,171900634
Guyana,GUY,2010,200558227
Guyana,GUY,2011,219500106
Guyana,GUY,2012,206618103
Guyana,GUY,2014,423672241
Guyana,GUY,2015,381128265
Guyana,GUY,2016,481156616
Guyana,GUY,2017,491438293
Guyana,GUY,2018,489694366
Haiti,HTI,1991,183846557
Haiti,HTI,2014,666124938
Haiti,HTI,2015,715040710
Haiti,HTI,2016,544637756
Haiti,HTI,2017,602848022
Haiti,HTI,2018,669631591
Honduras,HND,1994,656545288
Honduras,HND,1995,726263488
Honduras,HND,2013,3155126464
Honduras,HND,2014,3924187744
Honduras,HND,2015,3685704833
Honduras,HND,2018,3937237060
Honduras,HND,2023,2982103515
Hong Kong,HKG,1992,5388666992
Hong Kong,HKG,1996,6366555175
Hong Kong,HKG,2001,10367875976
Hong Kong,HKG,2002,10724730468
Hong Kong,HKG,2003,11634825195
Hong Kong,HKG,2004,12756109375
Hong Kong,HKG,2005,12575334960
Hong Kong,HKG,2006,12551209960
Hong Kong,HKG,2007,12076654296
Hong Kong,HKG,2008,12135634765
Hong Kong,HKG,2009,16694791015
Hong Kong,HKG,2010,13013789062
Hong Kong,HKG,2011,13531100585
Hong Kong,HKG,2012,14561767578
Hong Kong,HKG,2013,15867275390
Hong Kong,HKG,2014,15542489257
Hong Kong,HKG,2015,14583976562
Hong Kong,HKG,2016,15072181640
Hong Kong,HKG,2017,15480483398
Hong Kong,HKG,2018,16147511718
Hong Kong,HKG,2019,19023447265
Hong Kong,HKG,2020,21628498046
Hong Kong,HKG,2021,18353376953
Hong Kong,HKG,2022,18211214843
Hong Kong,HKG,2023,17891111328
Hungary,HUN,1990,12940961914
Hungary,HUN,1991,12341357421
Hungary,HUN,1992,12370501953
Hungary,HUN,1993,11975595703
Hungary,HUN,1994,12152128906
Hungary,HUN,1995,10246083984
Hungary,HUN,1996,9169856445
Hungary,HUN,1998,9994471679
Hungary,HUN,1999,10671542968
Hungary,HUN,2000,11885215820
Hungary,HUN,2001,12528518554
Hungary,HUN,2002,13783081054
Hungary,HUN,2003,16042627929
Hungary,HUN,2004,15494095703
Hungary,HUN,2005,16136582031
Hungary,HUN,2006,16677708984
Hungary,HUN,2007,16234565429
Hungary,HUN,2008,15863291015
Hungary,HUN,2009,14753162109
Hungary,HUN,2010,14240845703
Hungary,HUN,2011,14013597656
Hungary,HUN,2012,12562631835
Hungary,HUN,2013,12933292968
Hungary,HUN,2014,14808562500
Hungary,HUN,2015,15002227539
Hungary,HUN,2016,15742001953
Hungary,HUN,2017,16528611328
Hungary,HUN,2018,17324503906
Hungary,HUN,2019,16601138671
Hungary,HUN,2020,15588611328
Hungary,HUN,2021,18820875000
Iceland,ISL,1990,488422363
Iceland,ISL,1993,575985961
Iceland,ISL,1994,551969665
Iceland,ISL,1995,555523193
Iceland,ISL,1996,634083251
Iceland,ISL,1998,936081237
Iceland,ISL,1999,923628234
Iceland,ISL,2000,969283813
Iceland,ISL,2001,1051212768
Iceland,ISL,2002,1150573608
Iceland,ISL,2003,1166557861
Iceland,ISL,2004,1243014770
Iceland,ISL,2005,1351794677
Iceland,ISL,2006,1409137695
Iceland,ISL,2007,1474989379
Iceland,ISL,2008,1527484741
Iceland,ISL,2009,1441256713
Iceland,ISL,2010,1352589355
Iceland,ISL,2011,1346954833
Iceland,ISL,2012,1520115722
Iceland,ISL,2013,1561325927
Iceland,ISL,2014,1628747070
Iceland,ISL,2015,1660173461
Iceland,ISL,2016,1758729125
Iceland,ISL,2017,1869898925
Iceland,ISL,2018,1956056152
Iceland,ISL,2019,2002420043
Iceland,ISL,2020,2104308105
Iceland,ISL,2021,2118303955
India,IND,1997,98303804687
India,IND,1998,97607687500
India,IND,1999,128095789062
India,IND,2000,136565968750
India,IND,2003,128925375000
India,IND,2004,129019835937
India,IND,2005,132439421875
India,IND,2006,140875468750
India,IND,2009,176231046875
India,IND,2010,195851968750
India,IND,2011,238822546875
India,IND,2012,256062046875
India,IND,2013,268439625000
India,IND,2015,328278437500
India,IND,2016,366548875000
India,IND,2017,401604312500
India,IND,2018,434701187500
India,IND,2019,413295093750
India,IND,2020,472918343750
India,IND,2021,480482406250
Indonesia,IDN,1994,10827017578
Indonesia,IDN,1995,11711025390
Indonesia,IDN,1996,13610026367
Indonesia,IDN,1997,14585995117
Indonesia,IDN,2001,35715425781
Indonesia,IDN,2002,40139140625
Indonesia,IDN,2003,51155851562
Indonesia,IDN,2004,45889882812
Indonesia,IDN,2005,50696609375
Indonesia,IDN,2007,60273351562
Indonesia,IDN,2008,60910074218
Indonesia,IDN,2009,77416398437
Indonesia,IDN,2010,65605171875
Indonesia,IDN,2011,78994328125
Indonesia,IDN,2012,89483507812
Indonesia,IDN,2013,93113640625
Indonesia,IDN,2014,95707875000
Indonesia,IDN,2015,109398687500
Iran,IRN,1991,18338517578
Iran,IRN,1992,20101349609
Iran,IRN,1993,24609523437
Iran,IRN,1995,22549580078
Iran,IRN,1996,20013326171
Iran,IRN,1999,26269462890
Iran,IRN,2000,25590718750
Iran,IRN,2001,27362412109
Iran,IRN,2002,30860162109
Iran,IRN,2003,32448537109
Iran,IRN,2004,34713859375
Iran,IRN,2005,34195148437
Iran,IRN,2006,37316847656
Iran,IRN,2007,41984984375
Iran,IRN,2008,38661710937
Iran,IRN,2009,38052468750
Iran,IRN,2010,37102707031
Iran,IRN,2011,36881171875
Iran,IRN,2012,34420070312
Iran,IRN,2013,32158537109
Iran,IRN,2014,29048080078
Iran,IRN,2015,30640761718
Iran,IRN,2016,36463773437
Iran,IRN,2017,43248386718
Iran,IRN,2018,46499632812
Iran,IRN,2019,40856488281
Iran,IRN,2020,39172949218
Iran,IRN,2022,35312531250
Ireland,IRL,1990,5131984863
Ireland,IRL,1991,5438073242
Ireland,IRL,1992,5881874023
Ireland,IRL,1993,6172897460
Ireland,IRL,1994,6621556640
Ireland,IRL,1995,6815867187
Ireland,IRL,1996,7142014160
Ireland,IRL,1998,7778206542
Ireland,IRL,1999,8288939453
Ireland,IRL,2000,9065046875
Ireland,IRL,2001,9442599609
Ireland,IRL,2002,10042187500
Ireland,IRL,2003,10597009765
Ireland,IRL,2004,12064541992
Ireland,IRL,2005,12859535156
Ireland,IRL,2006,13585908203
Ireland,IRL,2007,14835899414
Ireland,IRL,2008,16403087890
Ireland,IRL,2009,17557449218
Ireland,IRL,2010,17546187500
Ireland,IRL,2011,17106976562
Ireland,IRL,2012,16903101562
Ireland,IRL,2013,15865364257
Ireland,IRL,2014,15713625976
Ireland,IRL,2015,15071120117
Ireland,IRL,2016,15329238281
Ireland,IRL,2017,15610361328
Ireland,IRL,2018,16388958984
Ireland,IRL,2019,16837236328
Ireland,IRL,2020,17704396484
Ireland,IRL,2021,18847160156
Israel,ISR,1990,6565697753
Israel,ISR,1991,7089399414
Israel,ISR,1992,7842215332
Israel,ISR,1993,8714931640
Israel,ISR,1994,10120949218
Israel,ISR,1998,12881560546
Israel,ISR,1999,12884994140
Israel,ISR,2000,13396912109
Israel,ISR,2001,13986402343
Israel,ISR,2002,14127582031
Israel,ISR,2003,14043461914
Israel,ISR,2004,13789129882
Israel,ISR,2005,13929689453
Israel,ISR,2006,14735803710
Israel,ISR,2007,14947936523
Israel,ISR,2008,15648632812
Israel,ISR,2009,15651505859
Israel,ISR,2010,16711097656
Israel,ISR,2011,17711527343
Israel,ISR,2012,18613203125
Israel,ISR,2013,20113916015
Israel,ISR,2014,20615134765
Israel,ISR,2015,21471828125
Israel,ISR,2016,22451050781
Israel,ISR,2017,24250414062
Israel,ISR,2018,25469070312
Israel,ISR,2019,26434074218
Israel,ISR,2020,27821173828
Israel,ISR,2021,28842126953
Italy,ITA,1993,125559414062
Italy,ITA,1994,120116085937
Italy,ITA,1995,120387335937
Italy,ITA,1996,125553804687
Italy,ITA,1998,130244875000
Italy,ITA,1999,134162906250
Italy,ITA,2000,132459500000
Italy,ITA,2001,146342765625
Italy,ITA,2002,139846234375
Italy,ITA,2003,143496031250
Italy,ITA,2004,140520765625
Italy,ITA,2005,136924343750
Italy,ITA,2006,148819109375
Italy,ITA,2007,137001187500
Italy,ITA,2008,145034468750
Italy,ITA,2009,141625859375
Italy,ITA,2010,138014609375
Italy,ITA,2011,131985906250
Italy,ITA,2012,126195296875
Italy,ITA,2013,126548710937
Italy,ITA,2014,124026992187
Italy,ITA,2015,125372210937
Italy,ITA,2016,118955968750
Italy,ITA,2017,128202789062
Italy,ITA,2018,136145468750
Italy,ITA,2019,131632609375
Italy,ITA,2020,129945492187
Italy,ITA,2021,133675343750
Jamaica,JAM,1991,951116516
Jamaica,JAM,1992,713032592
Jamaica,JAM,1993,700258544
Jamaica,JAM,1994,968873474
Jamaica,JAM,1995,819108642
Jamaica,JAM,1996,909761169
Jamaica,JAM,1997,1082136108
Jamaica,JAM,2000,1226217773
Jamaica,JAM,2001,1335673583
Jamaica,JAM,2002,1352177856
Jamaica,JAM,2003,1092228881
Jamaica,JAM,2004,1040694458
Jamaica,JAM,2005,1244170043
Jamaica,JAM,2007,1536173461
Jamaica,JAM,2008,1757147583
Jamaica,JAM,2009,1744901245
Jamaica,JAM,2010,1715427612
Jamaica,JAM,2011,1662844482
Jamaica,JAM,2012,1649999145
Jamaica,JAM,2013,1677064697
Jamaica,JAM,2014,1622312133
Jamaica,JAM,2015,1481271484
Jamaica,JAM,2016,1456390258
Jamaica,JAM,2017,1461294799
Jamaica,JAM,2018,1518972045
Jamaica,JAM,2019,1476161621
Jamaica,JAM,2021,1463075561
Jamaica,JAM,2022,1455149169
Japan,JPN,1993,154025265625
Japan,JPN,1994,162525546875
Japan,JPN,1995,156590046875
Japan,JPN,1998,162249421875
Jordan,JOR,1996,3039758300
Jordan,JOR,1997,2673245605
Jordan,JOR,1999,2211398437
Jordan,JOR,2016,3447505371
Jordan,JOR,2017,3287469970
Jordan,JOR,2018,3081060791
Jordan,JOR,2019,3170939208
Jordan,JOR,2021,3413661376
Jordan,JOR,2022,3520895019
Kazakhstan,KAZ,1995,7658857421
Kazakhstan,KAZ,1996,7485882324
Kazakhstan,KAZ,1997,8485722656
Kazakhstan,KAZ,1999,7609262207
Kazakhstan,KAZ,2000,6989978515
Kazakhstan,KAZ,2002,8104134277
Kazakhstan,KAZ,2004,7228682617
Kazakhstan,KAZ,2005,7956635253
Kazakhstan,KAZ,2006,10221511718
Kazakhstan,KAZ,2007,11998266601
Kazakhstan,KAZ,2008,11335208007
Kazakhstan,KAZ,2009,13558877929
Kazakhstan,KAZ,2015,16676439453
Kazakhstan,KAZ,2016,18005687500
Kazakhstan,KAZ,2017,17313441406
Kazakhstan,KAZ,2018,17139605468
Kazakhstan,KAZ,2019,19561117187
Kenya,KEN,1991,3683644531
Kenya,KEN,1992,3455263183
Kenya,KEN,1993,3401262695
Kenya,KEN,1994,3353760009
Kenya,KEN,1999,4541839843
Kenya,KEN,2000,4527389160
Kenya,KEN,2001,4571644531
Kenya,KEN,2002,5624571777
Kenya,KEN,2003,5950624511
Kenya,KEN,2004,6410582031
Kenya,KEN,2005,7271834960
Kenya,KEN,2006,7401301269
Kenya,KEN,2010,7807274902
Kenya,KEN,2011,8234312500
Kenya,KEN,2012,9081578125
Kenya,KEN,2013,9315455078
Kenya,KEN,2014,9429546875
Kenya,KEN,2015,9957919921
Kenya,KEN,2016,10786856445
Kenya,KEN,2017,11397294921
Kenya,KEN,2018,12179375000
Kiribati,KIR,1999,21325180
Kiribati,KIR,2000,23629070
Kiribati,KIR,2001,26402080
Kuwait,KWT,1992,5336884765
Kuwait,KWT,1996,6134133789
Kuwait,KWT,1997,5879542968
Kuwait,KWT,2001,7575823242
Kuwait,KWT,2002,7551965820
Kuwait,KWT,2004,7711878417
Kuwait,KWT,2005,7277847656
Kuwait,KWT,2006,6387832519
Kyrgyzstan,KGZ,1994,858010864
Kyrgyzstan,KGZ,1995,893989196
Kyrgyzstan,KGZ,1996,762355285
Kyrgyzstan,KGZ,1998,858695678
Kyrgyzstan,KGZ,1999,739120910
Kyrgyzstan,KGZ,2000,669308593
Kyrgyzstan,KGZ,2001,774405090
Kyrgyzstan,KGZ,2002,893054565
Kyrgyzstan,KGZ,2003,962281677
Kyrgyzstan,KGZ,2004,1063730346
Kyrgyzstan,KGZ,2005,1119616577
Kyrgyzstan,KGZ,2006,1314470092
Kyrgyzstan,KGZ,2007,1662541992
Kyrgyzstan,KGZ,2008,1647886230
Kyrgyzstan,KGZ,2009,1787055786
Kyrgyzstan,KGZ,2010,1660528320
Kyrgyzstan,KGZ,2011,2053272460
Kyrgyzstan,KGZ,2012,2230791748
Kyrgyzstan,KGZ,2013,2271897705
Kyrgyzstan,KGZ,2014,1928106079
Kyrgyzstan,KGZ,2015,2167184326
Kyrgyzstan,KGZ,2016,2488054199
Kyrgyzstan,KGZ,2017,2384424072
Kyrgyzstan,KGZ,2018,2279624755
Kyrgyzstan,KGZ,2019,2181635253
Kyrgyzstan,KGZ,2020,2286003662
Kyrgyzstan,KGZ,2021,2173580078
Laos,LAO,1992,237915786
Laos,LAO,1996,324632476
Laos,LAO,1997,304168792
Laos,LAO,2000,253429504
Laos,LAO,2001,354731079
Laos,LAO,2002,533347351
Laos,LAO,2004,513883300
Laos,LAO,2005,550654785
Laos,LAO,2006,733073059
Laos,LAO,2007,820656311
Laos,LAO,2008,654953002
Laos,LAO,2009,511358520
Laos,LAO,2010,573386596
Laos,LAO,2011,618839294
Laos,LAO,2012,712909423
Laos,LAO,2013,1367279541
Laos,LAO,2014,1336678466
Latvia,LVA,1990,1812249023
Latvia,LVA,1991,1710772460
Latvia,LVA,1992,1292689453
Latvia,LVA,1996,1609341796
Latvia,LVA,1997,1836581665
Latvia,LVA,1998,2057427734
Latvia,LVA,1999,2016450561
Latvia,LVA,2000,2028916381
Latvia,LVA,2001,2227847900
Latvia,LVA,2002,2453903076
Latvia,LVA,2003,2401593750
Latvia,LVA,2004,2485821777
Latvia,LVA,2006,2986573974
Latvia,LVA,2007,3247483886
Latvia,LVA,2008,3639148681
Latvia,LVA,2009,3211023437
Latvia,LVA,2010,2799173583
Latvia,LVA,2011,2889908203
Latvia,LVA,2012,4015105224
Latvia,LVA,2013,4353479980
Latvia,LVA,2014,3348457031
Latvia,LVA,2015,3479401367
Latvia,LVA,2016,3140390380
Latvia,LVA,2017,3041850341
Latvia,LVA,2018,3074029785
Latvia,LVA,2019,3232190917
Latvia,LVA,2020,3410208496
Latvia,LVA,2021,3463346191
Lebanon,LBN,1993,660786132
Lebanon,LBN,1994,827821777
Lebanon,LBN,1995,1015065246
Lebanon,LBN,1996,1058555175
Lebanon,LBN,2001,1582260253
Lebanon,LBN,2002,1470117553
Lebanon,LBN,2004,1674889404
Lebanon,LBN,2005,1723287353
Lebanon,LBN,2006,1838323730
Lebanon,LBN,2007,1867654174
Lebanon,LBN,2008,1588579467
Lebanon,LBN,2009,1534640136
Lebanon,LBN,2010,1514008300
Lebanon,LBN,2011,1564250976
Lebanon,LBN,2012,2086416748
Lebanon,LBN,2013,2453507812
Lesotho,LSO,1993,251105468
Lesotho,LSO,1994,212898849
Lesotho,LSO,1995,277515014
Lesotho,LSO,1997,398079284
Lesotho,LSO,1999,461048034
Lesotho,LSO,2000,374006469
Lesotho,LSO,2001,360532592
Lesotho,LSO,2002,402692901
Lesotho,LSO,2003,530863342
Lesotho,LSO,2004,466450286
Lesotho,LSO,2005,515790588
Lesotho,LSO,2006,497954681
Lesotho,LSO,2008,591487670
Lesotho,LSO,2017,528143920
Lesotho,LSO,2018,456888549
Liberia,LBR,2008,88788276
Liberia,LBR,2012,120102027
Liberia,LBR,2013,123401283
Liberia,LBR,2014,174519775
Liberia,LBR,2017,209401626
Liberia,LBR,2018,201702926
Liberia,LBR,2021,186876556
Libya,LBY,1999,2416475830
Lithuania,LTU,1993,2083531738
Lithuania,LTU,1994,2288307861
Lithuania,LTU,1995,2349552246
Lithuania,LTU,1996,2511229492
Lithuania,LTU,1997,3059683837
Lithuania,LTU,1998,3690246093
Lithuania,LTU,2001,3852673095
Lithuania,LTU,2002,4079368896
Lithuania,LTU,2003,3977009521
Lithuania,LTU,2004,4288083984
Lithuania,LTU,2005,4355491699
Lithuania,LTU,2006,4627905273
Lithuania,LTU,2007,4896319335
Lithuania,LTU,2008,5291865722
Lithuania,LTU,2009,5200650878
Lithuania,LTU,2010,5014515136
Lithuania,LTU,2011,5132229003
Lithuania,LTU,2012,4959083007
Lithuania,LTU,2013,4967095214
Lithuania,LTU,2014,5013440917
Lithuania,LTU,2015,4819224121
Lithuania,LTU,2016,4680113769
Lithuania,LTU,2017,4646403808
Lithuania,LTU,2018,4934229492
Lithuania,LTU,2019,5258901855
Lithuania,LTU,2020,5979773925
Lithuania,LTU,2021,5997979980
Luxembourg,LUX,1995,1494862670
Luxembourg,LUX,1996,1440256958
Luxembourg,LUX,2001,1966173706
Luxembourg,LUX,2012,2872013183
Luxembourg,LUX,2014,3023211425
Luxembourg,LUX,2015,3021451660
Luxembourg,LUX,2017,2973587402
Luxembourg,LUX,2018,3161480957
Luxembourg,LUX,2019,3319373046
Luxembourg,LUX,2020,3392558105
Luxembourg,LUX,2021,3509688964
Macao,MAC,1998,836501159
Macao,MAC,1999,813506469
Macao,MAC,2000,854517211
Macao,MAC,2001,720060974
Macao,MAC,2002,821342956
Macao,MAC,2003,896701416
Macao,MAC,2004,912217590
Macao,MAC,2005,1005480285
Macao,MAC,2006,1098060424
Macao,MAC,2007,1170841308
Macao,MAC,2008,1301163330
Macao,MAC,2009,1519825927
Macao,MAC,2010,1965644653
Macao,MAC,2011,2442394531
Macao,MAC,2012,3316271484
Macao,MAC,2013,2264902832
Macao,MAC,2014,2216393798
Macao,MAC,2015,2549605712
Macao,MAC,2016,2614157714
Macao,MAC,2017,2510516601
Macao,MAC,2018,2694898681
Macao,MAC,2019,2944775878
Macao,MAC,2020,2802851074
Macao,MAC,2021,2767519287
Macao,MAC,2022,2636241943
Madagascar,MDG,1993,438008941
Madagascar,MDG,1997,408615447
Madagascar,MDG,1998,438512329
Madagascar,MDG,1999,694985168
Madagascar,MDG,2000,736125000
Madagascar,MDG,2001,866044677
Madagascar,MDG,2002,625371032
Madagascar,MDG,2003,803203979
Madagascar,MDG,2004,910730346
Madagascar,MDG,2005,1122631958
Madagascar,MDG,2006,1012105834
Madagascar,MDG,2007,1097027954
Madagascar,MDG,2008,1030159423
Madagascar,MDG,2009,1094034667
Madagascar,MDG,2011,942669921
Madagascar,MDG,2012,954333068
Madagascar,MDG,2013,741158386
Madagascar,MDG,2014,1026369628
Madagascar,MDG,2015,982457275
Madagascar,MDG,2016,1242225830
Madagascar,MDG,2018,1410123046
Malawi,MWI,1995,215925964
Malawi,MWI,1996,338335174
Malawi,MWI,1999,363428588
Malawi,MWI,2000,393457550
Malawi,MWI,2001,343381500
Malawi,MWI,2003,310403228
Malawi,MWI,2010,526135986
Malawi,MWI,2011,659648925
Malawi,MWI,2013,919957519
Malawi,MWI,2014,866543090
Malawi,MWI,2015,1060684814
Malawi,MWI,2016,928719482
Malawi,MWI,2017,802999328
Malawi,MWI,2018,1002194885
Malaysia,MYS,1992,13985897460
Malaysia,MYS,1993,13996241210
Malaysia,MYS,1994,15451921875
Malaysia,MYS,1995,15662409179
Malaysia,MYS,1996,19495693359
Malaysia,MYS,1997,19673726562
Malaysia,MYS,1999,23809314453
Malaysia,MYS,2000,27216644531
Malaysia,MYS,2001,34288390625
Malaysia,MYS,2002,36974367187
Malaysia,MYS,2003,38322644531
Malaysia,MYS,2004,32310125000
Malaysia,MYS,2006,27210105468
Malaysia,MYS,2007,28193982421
Malaysia,MYS,2008,26757671875
Malaysia,MYS,2009,39771359375
Malaysia,MYS,2010,35517531250
Malaysia,MYS,2011,43395421875
Malaysia,MYS,2012,45580781250
Malaysia,MYS,2013,45576367187
Malaysia,MYS,2014,45946746093
Malaysia,MYS,2015,45342593750
Malaysia,MYS,2016,45977054687
Malaysia,MYS,2017,47865316406
Malaysia,MYS,2018,48072515625
Malaysia,MYS,2019,46597738281
Malaysia,MYS,2020,41448406250
Maldives,MDV,2002,246025207
Maldives,MDV,2003,264024505
Maldives,MDV,2004,245120483
Maldives,MDV,2005,229165878
Maldives,MDV,2006,262280914
Maldives,MDV,2007,267212554
Maldives,MDV,2008,294662414
Maldives,MDV,2009,307637420
Maldives,MDV,2010,234987823
Maldives,MDV,2011,216332092
Maldives,MDV,2012,240144409
Maldives,MDV,2013,260513732
Maldives,MDV,2014,255995025
Maldives,MDV,2015,331507476
Maldives,MDV,2016,334357360
Mali,MLI,1998,450506988
Mali,MLI,1999,481929077
Mali,MLI,2000,641271118
Mali,MLI,2001,661913879
Mali,MLI,2002,743518554
Mali,MLI,2003,1066060180
Mali,MLI,2004,1097947387
Mali,MLI,2005,1067540771
Mali,MLI,2008,1170737670
Mali,MLI,2009,1394815185
Mali,MLI,2010,1269554565
Mali,MLI,2011,1471145751
Mali,MLI,2012,1352076049
Mali,MLI,2013,1305659179
Mali,MLI,2014,1552906494
Mali,MLI,2015,1718043579
Mali,MLI,2016,1480492065
Mali,MLI,2017,1909153320
Mali,MLI,2018,1877559692
Mali,MLI,2019,1965137207
Mali,MLI,2020,2158911132
Mali,MLI,2021,2455062255
Malta,MLT,1990,243607757
Malta,MLT,1991,264853942
Malta,MLT,1992,305130859
Malta,MLT,1998,431499908
Malta,MLT,2002,542698791
Malta,MLT,2004,605447875
Malta,MLT,2007,901569702
Malta,MLT,2008,865826843
Malta,MLT,2009,788972167
Malta,MLT,2010,1026444091
Malta,MLT,2011,1269839111
Malta,MLT,2012,1090093505
Malta,MLT,2013,1373310668
Malta,MLT,2014,1365997436
Malta,MLT,2015,1073943359
Malta,MLT,2016,1128751586
Malta,MLT,2017,1117448364
Malta,MLT,2019,1381287231
Malta,MLT,2021,1562975463
Marshall Islands,MHL,1999,27747219
Marshall Islands,MHL,2002,18641180
Marshall Islands,MHL,2003,26520519
Marshall Islands,MHL,2019,29898429
Marshall Islands,MHL,2022,22174720
Mauritania,MRT,1997,223606857
Mauritania,MRT,1999,258727325
Mauritania,MRT,2001,301709808
Mauritania,MRT,2002,330603820
Mauritania,MRT,2003,367148376
Mauritania,MRT,2004,317178253
Mauritania,MRT,2006,409089263
Mauritania,MRT,2011,516283752
Mauritania,MRT,2012,496747589
Mauritania,MRT,2013,557680358
Mauritania,MRT,2016,498874145
Mauritania,MRT,2019,537281982
Mauritania,MRT,2020,529313781
Mauritania,MRT,2021,559668518
Mauritania,MRT,2023,1558608886
Mauritius,MUS,1991,323868103
Mauritius,MUS,1999,546255432
Mauritius,MUS,2000,536238464
Mauritius,MUS,2001,479507812
Mauritius,MUS,2002,486975280
Mauritius,MUS,2003,713884155
Mauritius,MUS,2004,738586914
Mauritius,MUS,2005,728606506
Mauritius,MUS,2006,672336242
Mauritius,MUS,2007,615576232
Mauritius,MUS,2008,625837097
Mauritius,MUS,2009,656156494
Mauritius,MUS,2010,882711059
Mauritius,MUS,2011,861949829
Mauritius,MUS,2012,915142028
Mauritius,MUS,2013,1000573791
Mauritius,MUS,2014,1402084106
Mauritius,MUS,2015,1436714599
Mauritius,MUS,2016,1377074462
Mauritius,MUS,2017,1429325439
Mauritius,MUS,2018,1423375854
Mauritius,MUS,2019,1438435058
Mauritius,MUS,2020,1418270751
Mauritius,MUS,2021,1300808227
Mauritius,MUS,2022,1393847778
Mauritius,MUS,2023,1431964111
Mexico,MEX,1990,28077136718
Mexico,MEX,1991,31993804687
Mexico,MEX,1992,39078812500
Mexico,MEX,1994,63358289062
Mexico,MEX,1995,59963355468
Mexico,MEX,1998,65885664062
Mexico,MEX,1999,71604632812
Mexico,MEX,2000,85206968750
Mexico,MEX,2001,89781218750
Mexico,MEX,2002,94273109375
Mexico,MEX,2003,108644617187
Mexico,MEX,2004,105054289062
Mexico,MEX,2005,110172742187
Mexico,MEX,2006,111958726562
Mexico,MEX,2007,113930132812
Mexico,MEX,2008,118262203125
Mexico,MEX,2009,119075648437
Mexico,MEX,2010,124682484375
Mexico,MEX,2011,128117156250
Mexico,MEX,2012,132112734375
Mexico,MEX,2013,123009804687
Mexico,MEX,2014,141737437500
Mexico,MEX,2015,145073265625
Mexico,MEX,2016,139082328125
Mexico,MEX,2017,130952109375
Mexico,MEX,2018,125697890625
Mexico,MEX,2020,124564093750
Mexico,MEX,2021,124365296875
Micronesia (country),FSM,1999,26555099
Micronesia (country),FSM,2000,29060489
Micronesia (country),FSM,2015,54729598
Moldova,MDA,1996,1595433349
Moldova,MDA,1999,689994262
Moldova,MDA,2000,677917114
Moldova,MDA,2001,777060546
Moldova,MDA,2002,950191162
Moldova,MDA,2003,999451354
Moldova,MDA,2004,1339771118
Moldova,MDA,2005,1523562866
Moldova,MDA,2006,1671659790
Moldova,MDA,2007,1904202026
Moldova,MDA,2008,2038844726
Moldova,MDA,2009,2212577148
Moldova,MDA,2010,2270582519
Moldova,MDA,2011,2258406494
Moldova,MDA,2012,2196958496
Moldova,MDA,2014,2257022949
Moldova,MDA,2016,2106555419
Moldova,MDA,2017,2209253173
Moldova,MDA,2018,2230319824
Moldova,MDA,2019,2595962158
Moldova,MDA,2020,2524730468
Moldova,MDA,2021,2537771972
Moldova,MDA,2022,2529058837
Moldova,MDA,2023,2763658203
Mongolia,MNG,1997,545210144
Mongolia,MNG,1998,783716918
Mongolia,MNG,1999,756698486
Mongolia,MNG,2000,825568481
Mongolia,MNG,2002,1156469116
Mongolia,MNG,2004,821238037
Mongolia,MNG,2007,1142962402
Mongolia,MNG,2009,1348044677
Mongolia,MNG,2010,1294573730
Mongolia,MNG,2011,1506623657
Mongolia,MNG,2012,1907456787
Mongolia,MNG,2013,2025352172
Mongolia,MNG,2014,2085144042
Mongolia,MNG,2015,1912351562
Mongolia,MNG,2016,2381739990
Mongolia,MNG,2017,1975173461
Morocco,MAR,1990,4708992675
Morocco,MAR,1991,4816721191
Morocco,MAR,1993,5248361816
Morocco,MAR,1995,5387723632
Morocco,MAR,1998,6905179199
Morocco,MAR,1999,7061872558
Morocco,MAR,2008,11467303710
Morocco,MAR,2009,11842430664
Mozambique,MOZ,1998,220895187
Mozambique,MOZ,1999,362197814
Mozambique,MOZ,2004,634510314
Mozambique,MOZ,2005,813749389
Mozambique,MOZ,2006,866021911
Mozambique,MOZ,2012,1937921508
Mozambique,MOZ,2013,2242998535
Mozambique,MOZ,2016,2610516601
Mozambique,MOZ,2017,2534251953
Mozambique,MOZ,2018,2576254882
Myanmar,MMR,1995,460932678
Myanmar,MMR,2011,1503148681
Myanmar,MMR,2017,6226536132
Myanmar,MMR,2018,6077723144
Myanmar,MMR,2019,7395214355
Namibia,NAM,1999,952618103
Namibia,NAM,2000,953092712
Namibia,NAM,2001,984532043
Namibia,NAM,2002,974940307
Namibia,NAM,2003,929926025
Namibia,NAM,2006,1096644653
Namibia,NAM,2008,1313567626
Namibia,NAM,2010,1740935180
Nauru,NRU,2002,10228400
Nauru,NRU,2007,1994179
Nepal,NPL,1998,1355458984
Nepal,NPL,1999,1396552368
Nepal,NPL,2000,1499421630
Nepal,NPL,2001,1984832153
Nepal,NPL,2002,1898537109
Nepal,NPL,2003,1877616577
Nepal,NPL,2004,1987778686
Nepal,NPL,2005,2207271240
Nepal,NPL,2006,2447482421
Nepal,NPL,2007,2467976562
Nepal,NPL,2008,2761121826
Nepal,NPL,2009,3590727294
Nepal,NPL,2010,2922888916
Nepal,NPL,2011,3241578857
Nepal,NPL,2012,2876797119
Nepal,NPL,2013,2756124023
Nepal,NPL,2014,3282509765
Nepal,NPL,2015,3266249755
Nepal,NPL,2016,4067413085
Nepal,NPL,2017,4989283203
Nepal,NPL,2018,5057647949
Netherlands,NLD,1990,35862222656
Netherlands,NLD,1991,36265269531
Netherlands,NLD,1993,34417066406
Netherlands,NLD,1994,34740660156
Netherlands,NLD,1995,35175042968
Netherlands,NLD,1996,35732406250
Netherlands,NLD,1998,39420625000
Netherlands,NLD,1999,41098960937
Netherlands,NLD,2000,43565550781
Netherlands,NLD,2001,45692859375
Netherlands,NLD,2002,46827425781
Netherlands,NLD,2003,49188917968
Netherlands,NLD,2004,50389761718
Netherlands,NLD,2005,51894812500
Netherlands,NLD,2006,53003855468
Netherlands,NLD,2007,53289449218
Netherlands,NLD,2008,56030476562
Netherlands,NLD,2009,58296054687
Netherlands,NLD,2010,59704558593
Netherlands,NLD,2011,60342945312
Netherlands,NLD,2012,59143769531
Netherlands,NLD,2013,60336960937
Netherlands,NLD,2014,60446582031
Netherlands,NLD,2015,60380511718
Netherlands,NLD,2016,63220355468
Netherlands,NLD,2017,61445300781
Netherlands,NLD,2018,65114570312
Netherlands,NLD,2019,63937105468
Netherlands,NLD,2020,64596062500
Netherlands,NLD,2021,69636320312
New Zealand,NZL,1994,7200616210
New Zealand,NZL,1995,7306645996
New Zealand,NZL,1996,8416346679
New Zealand,NZL,1997,8286512695
New Zealand,NZL,1999,8516674804
New Zealand,NZL,2013,12048495117
New Zealand,NZL,2014,12330953125
New Zealand,NZL,2015,12568557617
New Zealand,NZL,2016,12578733398
New Zealand,NZL,2017,12473119140
New Zealand,NZL,2018,12697115234
New Zealand,NZL,2019,12959210937
New Zealand,NZL,2020,14084187500
New Zealand,NZL,2021,14455419921
New Zealand,NZL,2022,14004760742
Nicaragua,NIC,1992,257075164
Nicaragua,NIC,1998,519610900
Nicaragua,NIC,1999,730529357
Nicaragua,NIC,2000,780768615
Nicaragua,NIC,2002,645186218
Nicaragua,NIC,2003,670024108
Nicaragua,NIC,2010,1557190429
Nicaragua,NIC,2014,1765172607
Nicaragua,NIC,2015,1847570434
Nicaragua,NIC,2016,1933152587
Nicaragua,NIC,2017,2159746093
Nicaragua,NIC,2023,1567166870
Niger,NER,1990,259760101
Niger,NER,1991,287787597
Niger,NER,1992,285234588
Niger,NER,1993,263462005
Niger,NER,1994,294371398
Niger,NER,1995,310173736
Niger,NER,1996,285754394
Niger,NER,1999,381356262
Niger,NER,2000,376232666
Niger,NER,2001,358703979
Niger,NER,2002,396408050
Niger,NER,2003,326706359
Niger,NER,2006,492415100
Niger,NER,2007,598431457
Niger,NER,2008,582359558
Niger,NER,2009,727403869
Niger,NER,2010,644447631
Niger,NER,2011,745836608
Niger,NER,2012,853769226
Niger,NER,2013,1040986572
Niger,NER,2014,1535627685
Niger,NER,2015,1409283203
Niger,NER,2016,982600097
Niger,NER,2017,899166381
Niger,NER,2018,1289830810
North Macedonia,MKD,1992,1177000122
North Macedonia,MKD,1993,1065415527
North Macedonia,MKD,1994,1023111938
North Macedonia,MKD,1995,954696166
North Macedonia,MKD,1996,973221130
North Macedonia,MKD,2002,840001159
Norway,NOR,1990,20907126953
Norway,NOR,1991,21766656250
Norway,NOR,1992,23474750000
Norway,NOR,1993,27928017578
Norway,NOR,1994,29927701171
Norway,NOR,1995,30634912109
Norway,NOR,1996,29843804687
Norway,NOR,1997,32148937500
Norway,NOR,1998,33251636718
Norway,NOR,1999,32116812500
Norway,NOR,2000,30785957031
Norway,NOR,2001,33177593750
Norway,NOR,2002,36604949218
Norway,NOR,2003,36835683593
Norway,NOR,2004,37683347656
Norway,NOR,2005,36373695312
Norway,NOR,2006,34639753906
Norway,NOR,2007,36481699218
Norway,NOR,2008,35206496093
Norway,NOR,2009,39061828125
Norway,NOR,2010,37363359375
Norway,NOR,2011,36112886718
Norway,NOR,2012,42372433593
Norway,NOR,2013,43453781250
Norway,NOR,2014,45565542968
Norway,NOR,2015,45679156250
Norway,NOR,2016,49043425781
Norway,NOR,2017,49380261718
Norway,NOR,2018,48200890625
Norway,NOR,2019,50468308593
Norway,NOR,2020,53043156250
Norway,NOR,2021,45817570312
Oman,OMN,1990,1670989379
Oman,OMN,1991,1865523925
Oman,OMN,1992,2113623779
Oman,OMN,1993,2518159179
Oman,OMN,1994,2568235351
Oman,OMN,1995,2672117187
Oman,OMN,1996,2568979980
Oman,OMN,1997,2871352539
Oman,OMN,1998,3610572753
Oman,OMN,1999,3532906494
Oman,OMN,2000,2984888671
Oman,OMN,2001,3917878906
Oman,OMN,2002,4168467773
Oman,OMN,2003,3655658447
Oman,OMN,2004,3827724121
Oman,OMN,2005,3425254150
Oman,OMN,2006,3960344238
Oman,OMN,2009,5153625488
Oman,OMN,2013,7335792968
Oman,OMN,2017,11323166015
Oman,OMN,2018,8771351562
Oman,OMN,2019,9576290039
Oman,OMN,2020,12567428710
Oman,OMN,2022,8251152343
Pakistan,PAK,1991,5889374511
Pakistan,PAK,1992,6146288574
Pakistan,PAK,1993,6196097167
Pakistan,PAK,1994,6841001464
Pakistan,PAK,1995,7661270996
Pakistan,PAK,1996,8085351562
Pakistan,PAK,1997,9115841796
Pakistan,PAK,1999,8159568359
Pakistan,PAK,2000,5952410156
Pakistan,PAK,2004,8849224609
Pakistan,PAK,2005,11044243164
Pakistan,PAK,2006,14046286132
Pakistan,PAK,2007,16807519531
Pakistan,PAK,2008,17852923828
Pakistan,PAK,2009,17481562500
Pakistan,PAK,2010,17038730468
Pakistan,PAK,2011,16859291015
Pakistan,PAK,2012,17118925781
Pakistan,PAK,2013,19938539062
Pakistan,PAK,2014,20505500000
Pakistan,PAK,2015,23109902343
Pakistan,PAK,2016,30721894531
Pakistan,PAK,2017,27712753906
Pakistan,PAK,2019,26413462890
Palau,PLW,2000,24872659
Palau,PLW,2001,25610860
Palau,PLW,2002,26760259
Palestine,PSE,2010,1300067016
Palestine,PSE,2011,1227802001
Palestine,PSE,2012,1157825439
Palestine,PSE,2013,1251227172
Palestine,PSE,2015,1294351074
Palestine,PSE,2016,1505705200
Palestine,PSE,2017,1446960449
Palestine,PSE,2021,1621687377
Panama,PAN,1994,1284211914
Panama,PAN,1995,1486406738
Panama,PAN,1996,1604462768
Panama,PAN,1997,1604991088
Panama,PAN,1999,2125424316
Panama,PAN,2000,2275133300
Panama,PAN,2001,1973882812
Panama,PAN,2002,2060033935
Panama,PAN,2003,2134920410
Panama,PAN,2004,1970601318
Panama,PAN,2008,2763169433
Panama,PAN,2011,2972487548
Panama,PAN,2014,3682581054
Panama,PAN,2015,4130091796
Panama,PAN,2016,4415043945
Panama,PAN,2017,4749751953
Panama,PAN,2018,5045451660
Panama,PAN,2020,5345372558
Panama,PAN,2021,5340779785
Panama,PAN,2022,5368790527
Papua New Guinea,PNG,2017,834735656
Papua New Guinea,PNG,2018,794233886
Paraguay,PRY,1990,447888671
Paraguay,PRY,1998,2378770996
Paraguay,PRY,1999,2364459228
Paraguay,PRY,2000,2309380859
Paraguay,PRY,2001,2075385253
Paraguay,PRY,2002,1844452758
Paraguay,PRY,2003,1910050903
Paraguay,PRY,2004,1686214721
Paraguay,PRY,2007,1816382568
Paraguay,PRY,2010,2167815673
Paraguay,PRY,2011,3013111083
Paraguay,PRY,2012,2972306640
Paraguay,PRY,2016,3406729736
Paraguay,PRY,2020,4171206542
Paraguay,PRY,2021,3759561035
Paraguay,PRY,2022,3750166748
Paraguay,PRY,2023,3938853515
Peru,PER,1996,6161284667
Peru,PER,1998,6868592773
Peru,PER,1999,7318248046
Peru,PER,2000,7049581542
Peru,PER,2001,6673637695
Peru,PER,2002,6535815917
Peru,PER,2003,7090991210
Peru,PER,2004,7493426757
Peru,PER,2005,7644395019
Peru,PER,2006,7680751464
Peru,PER,2007,8261486328
Peru,PER,2008,9832694335
Peru,PER,2009,10883958007
Peru,PER,2010,10767065429
Peru,PER,2011,10634596679
Peru,PER,2012,12386226562
Peru,PER,2013,14791229492
Peru,PER,2014,16974712890
Peru,PER,2015,18822976562
Peru,PER,2016,18797289062
Peru,PER,2017,19867824218
Peru,PER,2018,19514208984
Peru,PER,2019,20534380859
Peru,PER,2020,20379984375
Peru,PER,2021,21300189453
Peru,PER,2022,21356699218
Peru,PER,2023,23466673828
Philippines,PHL,1995,9011127929
Philippines,PHL,1996,10540338867
Philippines,PHL,1997,11591692382
Philippines,PHL,1998,13848416015
Philippines,PHL,2000,12785331054
Philippines,PHL,2001,12176933593
Philippines,PHL,2002,12489446289
Philippines,PHL,2003,13319726562
Philippines,PHL,2004,11944246093
Philippines,PHL,2005,11815173828
Philippines,PHL,2006,12965619140
Philippines,PHL,2007,14149039062
Philippines,PHL,2008,15343804687
Philippines,PHL,2009,15294499023
Poland,POL,1991,19170037109
Poland,POL,1992,21149453125
Poland,POL,1993,21912984375
Poland,POL,1995,25583050781
Poland,POL,1996,39229250000
Poland,POL,1998,34511382812
Poland,POL,1999,33558515625
Poland,POL,2000,38085550781
Poland,POL,2001,41157777343
Poland,POL,2002,42535148437
Poland,POL,2003,43509480468
Poland,POL,2004,45944195312
Poland,POL,2005,48178515625
Poland,POL,2006,49076988281
Poland,POL,2007,49123183593
Poland,POL,2008,53012015625
Poland,POL,2009,53944460937
Poland,POL,2010,56832746093
Poland,POL,2011,56822398437
Poland,POL,2012,57707222656
Poland,POL,2013,60112660156
Poland,POL,2014,61739585937
Poland,POL,2015,62505117187
Poland,POL,2016,62241796875
Poland,POL,2017,64254746093
Poland,POL,2018,68527335937
Poland,POL,2019,72723132812
Poland,POL,2020,73901546875
Poland,POL,2021,76101648437
Portugal,PRT,1990,10440898437
Portugal,PRT,1991,12428192382
Portugal,PRT,1992,13384850585
Portugal,PRT,1993,14633301757
Portugal,PRT,1994,14256722656
Portugal,PRT,1995,14682742187
Portugal,PRT,1996,16685578125
Portugal,PRT,1999,18902328125
Portugal,PRT,2000,20078582031
Portugal,PRT,2001,21155683593
Portugal,PRT,2002,21005593750
Portugal,PRT,2003,20900404296
Portugal,PRT,2004,20327058593
Portugal,PRT,2005,20597898437
Portugal,PRT,2006,20246638671
Portugal,PRT,2007,20812500000
Portugal,PRT,2008,19922765625
Portugal,PRT,2009,22864353515
Portugal,PRT,2010,22631681640
Portugal,PRT,2011,21059244140
Portugal,PRT,2012,19518923828
Portugal,PRT,2013,20595232421
Portugal,PRT,2014,20179607421
Portugal,PRT,2015,19585287109
Portugal,PRT,2017,21231996093
Portugal,PRT,2018,20354708984
Portugal,PRT,2019,20698970703
Portugal,PRT,2020,19991548828
Portugal,PRT,2021,20733718750
Puerto Rico,PRI,2013,9810720703
Puerto Rico,PRI,2014,9164271484
Qatar,QAT,1998,2043168823
Qatar,QAT,1999,2318316406
Qatar,QAT,2000,2073058349
Qatar,QAT,2001,1923462524
Qatar,QAT,2002,2402087158
Qatar,QAT,2003,2258270263
Qatar,QAT,2004,2403816162
Qatar,QAT,2005,3287321533
Qatar,QAT,2008,5598870605
Qatar,QAT,2009,5318738769
Qatar,QAT,2010,7920008300
Qatar,QAT,2011,8371306640
Qatar,QAT,2012,8296868164
Qatar,QAT,2013,10092515625
Qatar,QAT,2014,9428144531
Qatar,QAT,2017,9304770507
Qatar,QAT,2019,8961344726
Qatar,QAT,2020,9967682617
Romania,ROU,1996,12367701171
Romania,ROU,2000,10415576171
Romania,ROU,2001,12478256835
Romania,ROU,2002,14150322265
Romania,ROU,2003,14646281250
Romania,ROU,2004,15118291992
Romania,ROU,2005,16720412109
Romania,ROU,2006,22222689453
Romania,ROU,2007,22961611328
Romania,ROU,2008,24782173828
Romania,ROU,2009,22871523437
Romania,ROU,2010,18766738281
Romania,ROU,2011,16724888671
Romania,ROU,2012,16517121093
Romania,ROU,2013,17997677734
Romania,ROU,2014,19087939453
Romania,ROU,2015,19576996093
Romania,ROU,2016,19609125000
Romania,ROU,2017,21865740234
Romania,ROU,2018,24678369140
Romania,ROU,2019,27542457031
Romania,ROU,2020,26695455078
Romania,ROU,2021,26138113281
Russia,RUS,2000,93688281250
Russia,RUS,2001,104034398437
Russia,RUS,2002,134488796875
Russia,RUS,2003,138418343750
Russia,RUS,2004,143113312500
Russia,RUS,2005,161889421875
Russia,RUS,2006,179544890625
Russia,RUS,2008,217418296875
Russia,RUS,2012,210177921875
Russia,RUS,2013,212217187500
Russia,RUS,2014,227982093750
Russia,RUS,2015,213471125000
Russia,RUS,2016,209778968750
Russia,RUS,2017,266406968750
Russia,RUS,2018,273201875000
Rwanda,RWA,1999,317947509
Rwanda,RWA,2000,306711639
Rwanda,RWA,2001,467491729
Rwanda,RWA,2007,617143859
Rwanda,RWA,2008,602898681
Rwanda,RWA,2010,791372497
Rwanda,RWA,2011,803965209
Rwanda,RWA,2012,875387390
Rwanda,RWA,2013,1020112243
Rwanda,RWA,2014,945327575
Rwanda,RWA,2015,872252807
Rwanda,RWA,2016,894238769
Rwanda,RWA,2017,862080139
Rwanda,RWA,2018,881239990
Rwanda,RWA,2021,1839168090
Rwanda,RWA,2022,1731160766
Rwanda,RWA,2023,1940951049
Saint Kitts and Nevis,KNA,1991,13218720
Saint Kitts and Nevis,KNA,1992,15889410
Saint Kitts and Nevis,KNA,1995,21059650
Saint Kitts and Nevis,KNA,1998,36977218
Saint Kitts and Nevis,KNA,1999,31542570
Saint Kitts and Nevis,KNA,2000,45843811
Saint Kitts and Nevis,KNA,2001,44745708
Saint Kitts and Nevis,KNA,2002,40217849
Saint Kitts and Nevis,KNA,2003,37359588
Saint Kitts and Nevis,KNA,2004,40701019
Saint Kitts and Nevis,KNA,2005,43089069
Saint Kitts and Nevis,KNA,2006,47089149
Saint Kitts and Nevis,KNA,2007,48942268
Saint Kitts and Nevis,KNA,2015,36936199
Saint Kitts and Nevis,KNA,2021,37478870
Saint Lucia,LCA,1994,183425369
Saint Lucia,LCA,1998,173091445
Saint Lucia,LCA,1999,175174804
Saint Lucia,LCA,2001,172359405
Saint Lucia,LCA,2003,111755790
Saint Lucia,LCA,2004,116552856
Saint Lucia,LCA,2005,143181045
Saint Lucia,LCA,2006,168470092
Saint Lucia,LCA,2008,152787002
Saint Lucia,LCA,2009,109711853
Saint Lucia,LCA,2010,121038513
Saint Lucia,LCA,2011,125479896
Saint Lucia,LCA,2012,119711219
Saint Lucia,LCA,2013,140860824
Saint Lucia,LCA,2014,138564102
Saint Lucia,LCA,2015,140289794
Saint Lucia,LCA,2016,188512176
Saint Lucia,LCA,2018,128949127
Saint Lucia,LCA,2019,130278686
Saint Lucia,LCA,2020,143196716
Saint Lucia,LCA,2022,158303146
Saint Lucia,LCA,2023,108445793
Saint Vincent and the Grenadines,VCT,1991,45707981
Saint Vincent and the Grenadines,VCT,1998,48717720
Saint Vincent and the Grenadines,VCT,1999,71368057
Saint Vincent and the Grenadines,VCT,2000,92399948
Saint Vincent and the Grenadines,VCT,2002,99850563
Saint Vincent and the Grenadines,VCT,2003,117878211
Saint Vincent and the Grenadines,VCT,2005,92793212
Saint Vincent and the Grenadines,VCT,2007,92524246
Saint Vincent and the Grenadines,VCT,2009,86325500
Saint Vincent and the Grenadines,VCT,2010,73757827
Saint Vincent and the Grenadines,VCT,2016,93400306
Saint Vincent and the Grenadines,VCT,2017,93486740
Saint Vincent and the Grenadines,VCT,2018,93655471
Samoa,WSM,1999,31530130
Samoa,WSM,2000,29128299
Samoa,WSM,2001,33525169
Samoa,WSM,2002,35665939
Samoa,WSM,2008,58096229
Samoa,WSM,2016,51692058
Sao Tome and Principe,STP,2002,17213840
Sao Tome and Principe,STP,2003,22247610
Sao Tome and Principe,STP,2004,22948009
Sao Tome and Principe,STP,2005,36732051
Sao Tome and Principe,STP,2006,35169540
Sao Tome and Principe,STP,2007,53651870
Sao Tome and Principe,STP,2008,50354598
Sao Tome and Principe,STP,2009,93596008
Sao Tome and Principe,STP,2010,94894538
Sao Tome and Principe,STP,2012,69116531
Sao Tome and Principe,STP,2013,70102958
Sao Tome and Principe,STP,2014,48758110
Sao Tome and Principe,STP,2015,52477718
Sao Tome and Principe,STP,2016,71844581
Sao Tome and Principe,STP,2017,71860687
Sao Tome and Principe,STP,2018,71810630
Saudi Arabia,SAU,1991,39036433593
Saudi Arabia,SAU,1992,39963597656
Saudi Arabia,SAU,1993,48460843750
Saudi Arabia,SAU,1994,50545042968
Saudi Arabia,SAU,1995,45608789062
Saudi Arabia,SAU,1996,39693875000
Saudi Arabia,SAU,1997,39036847656
Saudi Arabia,SAU,1998,75993648437
Saudi Arabia,SAU,1999,62456539062
Saudi Arabia,SAU,2000,55126718750
Saudi Arabia,SAU,2001,71129640625
Saudi Arabia,SAU,2002,68390296875
Saudi Arabia,SAU,2003,70780945312
Saudi Arabia,SAU,2004,67513085937
Saudi Arabia,SAU,2005,61664222656
Saudi Arabia,SAU,2006,68755156250
Saudi Arabia,SAU,2008,64887183593
Senegal,SEN,1998,739712829
Senegal,SEN,1999,781500549
Senegal,SEN,2000,813046875
Senegal,SEN,2001,850906677
Senegal,SEN,2002,893835815
Senegal,SEN,2003,1000891479
Senegal,SEN,2004,1171672485
Senegal,SEN,2005,1613966552
Senegal,SEN,2006,1552823608
Senegal,SEN,2008,1744377075
Senegal,SEN,2009,2190891845
Senegal,SEN,2010,250775329
Senegal,SEN,2011,2287146484
Senegal,SEN,2012,2317551513
Senegal,SEN,2013,2825384521
Senegal,SEN,2014,3023674560
Senegal,SEN,2015,3063108154
Senegal,SEN,2016,3052839599
Senegal,SEN,2017,3039766601
Senegal,SEN,2018,3480606933
Senegal,SEN,2019,3587798339
Senegal,SEN,2020,4106544921
Senegal,SEN,2021,4317600097
Senegal,SEN,2022,4782568359
Serbia,SRB,2007,5162189453
Serbia,SRB,2009,5650613281
Serbia,SRB,2011,5489699218
Serbia,SRB,2016,4980929199
Serbia,SRB,2017,5191166992
Serbia,SRB,2018,5237606933
Serbia,SRB,2019,5516579101
Serbia,SRB,2021,5371600585
Serbia,SRB,2022,5409588867
Seychelles,SYC,1994,112587051
Seychelles,SYC,1995,96605010
Seychelles,SYC,1996,107305351
Seychelles,SYC,1998,95020240
Seychelles,SYC,1999,84989013
Seychelles,SYC,2002,86514411
Seychelles,SYC,2003,84268318
Seychelles,SYC,2006,86646697
Seychelles,SYC,2011,82922096
Seychelles,SYC,2012,59879131
Seychelles,SYC,2013,86297958
Seychelles,SYC,2014,98096069
Seychelles,SYC,2015,132848236
Seychelles,SYC,2016,121873291
Sierra Leone,SLE,2000,255129409
Sierra Leone,SLE,2001,168124847
Sierra Leone,SLE,2002,219549346
Sierra Leone,SLE,2003,220619842
Sierra Leone,SLE,2004,224085174
Sierra Leone,SLE,2005,210830413
Sierra Leone,SLE,2007,217276153
Sierra Leone,SLE,2008,217539627
Sierra Leone,SLE,2009,256600402
Sierra Leone,SLE,2010,251329803
Sierra Leone,SLE,2011,275671630
Sierra Leone,SLE,2012,341690368
Sierra Leone,SLE,2013,341673278
Sierra Leone,SLE,2014,399748413
Sierra Leone,SLE,2016,369542358
Sierra Leone,SLE,2017,613820251
Sierra Leone,SLE,2018,952477661
Sierra Leone,SLE,2019,1068122192
Sierra Leone,SLE,2020,1238677490
Sierra Leone,SLE,2021,1382132690
Sierra Leone,SLE,2022,1293163696
Singapore,SGP,2000,8345266601
Singapore,SGP,2001,9705529296
Singapore,SGP,2002,10512416015
Singapore,SGP,2003,11216131835
Singapore,SGP,2004,10756879882
Singapore,SGP,2005,10347180664
Singapore,SGP,2006,9938499023
Singapore,SGP,2007,11165675781
Singapore,SGP,2008,11420547851
Singapore,SGP,2009,12666551757
Singapore,SGP,2010,12979007812
Singapore,SGP,2011,14623829101
Singapore,SGP,2012,15738151367
Singapore,SGP,2013,15277408203
Singapore,SGP,2018,18569988281
Singapore,SGP,2019,18367914062
Singapore,SGP,2020,18324960937
Singapore,SGP,2021,18518710937
Singapore,SGP,2022,17898548828
Slovakia,SVK,1992,4108819335
Slovakia,SVK,1993,3477770263
Slovakia,SVK,1994,3081718994
Slovakia,SVK,1995,3775855712
Slovakia,SVK,1996,3863582763
Slovakia,SVK,1997,4090468750
Slovakia,SVK,1999,4237197753
Slovakia,SVK,2000,4033411132
Slovakia,SVK,2001,4241176269
Slovakia,SVK,2002,4781227050
Slovakia,SVK,2003,5001572753
Slovakia,SVK,2004,5130509765
Slovakia,SVK,2005,5014713867
Slovakia,SVK,2006,5364996582
Slovakia,SVK,2007,5650265625
Slovakia,SVK,2008,5962631347
Slovakia,SVK,2009,6413312988
Slovakia,SVK,2010,6909651367
Slovakia,SVK,2011,6837401855
Slovakia,SVK,2012,6857657226
Slovakia,SVK,2013,7276465820
Slovakia,SVK,2014,7742616210
Slovakia,SVK,2015,8842876953
Slovakia,SVK,2016,7680529296
Slovakia,SVK,2017,7969872070
Slovakia,SVK,2018,8334746093
Slovakia,SVK,2019,9236166992
Slovakia,SVK,2020,9954910156
Slovakia,SVK,2021,10501900390
Slovenia,SVN,1991,2043157470
Slovenia,SVN,1992,2238987792
Slovenia,SVN,1993,2417642333
Slovenia,SVN,1994,2414265380
Slovenia,SVN,1995,2621655273
Slovenia,SVN,2001,3882799804
Slovenia,SVN,2002,3960294921
Slovenia,SVN,2003,4099430175
Slovenia,SVN,2004,4233822265
Slovenia,SVN,2005,4363337890
Slovenia,SVN,2006,4603021484
Slovenia,SVN,2007,4506767578
Slovenia,SVN,2008,4658490722
Slovenia,SVN,2009,4682312500
Slovenia,SVN,2010,4737112792
Slovenia,SVN,2011,4774297851
Slovenia,SVN,2012,4714520996
Slovenia,SVN,2013,4487915527
Slovenia,SVN,2014,4514863769
Slovenia,SVN,2015,4281372070
Slovenia,SVN,2016,4312867187
Slovenia,SVN,2017,4509100097
Slovenia,SVN,2018,4861705078
Slovenia,SVN,2019,4989074218
Slovenia,SVN,2020,5258225585
Slovenia,SVN,2021,5671363769
Solomon Islands,SLB,1991,23499769
Solomon Islands,SLB,1998,24602939
Solomon Islands,SLB,2007,93644279
Solomon Islands,SLB,2008,93531570
Solomon Islands,SLB,2009,92909729
Solomon Islands,SLB,2010,114479026
South Africa,ZAF,1991,23082083984
South Africa,ZAF,1993,22908417968
South Africa,ZAF,1994,22876085937
South Africa,ZAF,1996,23189441406
South Africa,ZAF,1999,26144246093
South Africa,ZAF,2000,24837103515
South Africa,ZAF,2001,24442902343
South Africa,ZAF,2002,24612853515
South Africa,ZAF,2003,24436656250
South Africa,ZAF,2004,26064167968
South Africa,ZAF,2005,27345037109
South Africa,ZAF,2006,28800935546
South Africa,ZAF,2007,29878333984
South Africa,ZAF,2008,30967298828
South Africa,ZAF,2009,34782183593
South Africa,ZAF,2010,36935765625
South Africa,ZAF,2011,39200019531
South Africa,ZAF,2012,42233253906
South Africa,ZAF,2013,41894566406
South Africa,ZAF,2014,44051730468
South Africa,ZAF,2015,44618109375
South Africa,ZAF,2016,44889554687
South Africa,ZAF,2017,46469699218
South Africa,ZAF,2018,47388449218
South Africa,ZAF,2019,50407789062
South Africa,ZAF,2020,52753800781
South Africa,ZAF,2021,52649609375
South Africa,ZAF,2022,51912230468
South Africa,ZAF,2023,52742125000
South Korea,KOR,1990,18697056640
South Korea,KOR,1991,23782953125
South Korea,KOR,1992,25898777343
South Korea,KOR,1993,28601296875
South Korea,KOR,1994,25515164062
South Korea,KOR,1995,27200328125
South Korea,KOR,1998,33916578125
South Korea,KOR,1999,37818636718
South Korea,KOR,2015,100056945312
South Korea,KOR,2016,100204062500
South Korea,KOR,2017,103254367187
South Korea,KOR,2018,109443867187
South Korea,KOR,2019,117586882812
South Korea,KOR,2020,119670187500
South Korea,KOR,2021,126499585937
Spain,ESP,1990,47082601562
Spain,ESP,1991,49726472656
Spain,ESP,1992,51460070312
Spain,ESP,1993,56340816406
Spain,ESP,1994,60942023437
Spain,ESP,1995,61923691406
Spain,ESP,1996,63898390625
Spain,ESP,1998,66543281250
Spain,ESP,1999,69086804687
Spain,ESP,2000,71100140625
Spain,ESP,2001,72924851562
Spain,ESP,2002,75341031250
Spain,ESP,2003,78316921875
Spain,ESP,2004,80461195312
Spain,ESP,2005,83128093750
Spain,ESP,2006,87384234375
Spain,ESP,2007,92032039062
Spain,ESP,2008,98828757812
Spain,ESP,2009,103174234375
Spain,ESP,2010,102165882812
Spain,ESP,2011,98928992187
Spain,ESP,2012,90742710937
Spain,ESP,2013,86843539062
Spain,ESP,2014,87081750000
Spain,ESP,2015,90068406250
Spain,ESP,2016,91523640625
Spain,ESP,2017,93802875000
Spain,ESP,2018,95351828125
Spain,ESP,2019,98423929687
Spain,ESP,2020,101181046875
Spain,ESP,2021,106992882812
Sri Lanka,LKA,1990,1505317382
Sri Lanka,LKA,1991,1904139160
Sri Lanka,LKA,1994,2392607421
Sri Lanka,LKA,1995,2401641113
Sri Lanka,LKA,1996,2818261962
Sri Lanka,LKA,1998,2865311279
Sri Lanka,LKA,2009,3535415527
Sri Lanka,LKA,2010,3651607910
Sri Lanka,LKA,2011,4161959472
Sri Lanka,LKA,2012,3770254150
Sri Lanka,LKA,2013,4223056640
Sri Lanka,LKA,2014,5336582519
Sri Lanka,LKA,2015,6313220703
Sri Lanka,LKA,2016,10150566406
Sri Lanka,LKA,2017,8677652343
Sri Lanka,LKA,2018,6805573242
Sudan,SDN,2000,1311389282
Sudan,SDN,2002,1702962524
Sudan,SDN,2004,2145522460
Sudan,SDN,2005,2035006103
Sudan,SDN,2006,2857987060
Sudan,SDN,2008,3740034423
Sudan,SDN,2009,3971659423
Sweden,SWE,1991,18622232421
Sweden,SWE,1992,17782185546
Sweden,SWE,1993,18406847656
Sweden,SWE,1995,22905439453
Sweden,SWE,1996,25880294921
Sweden,SWE,1998,28730996093
Sweden,SWE,1999,29049808593
Sweden,SWE,2000,29951931640
Sweden,SWE,2001,29833798828
Sweden,SWE,2002,31902320312
Sweden,SWE,2003,32012626953
Sweden,SWE,2004,32769902343
Sweden,SWE,2005,32913949218
Sweden,SWE,2006,33696257812
Sweden,SWE,2007,33799800781
Sweden,SWE,2008,34590496093
Sweden,SWE,2009,35202382812
Sweden,SWE,2010,36043207031
Sweden,SWE,2011,36306660156
Sweden,SWE,2012,42725875000
Sweden,SWE,2013,43659238281
Sweden,SWE,2014,44598906250
Sweden,SWE,2015,45802210937
Sweden,SWE,2016,47847902343
Sweden,SWE,2017,48755843750
Sweden,SWE,2018,50179500000
Sweden,SWE,2019,51160621093
Sweden,SWE,2020,51931484375
Sweden,SWE,2021,52665718750
Switzerland,CHE,1990,20822953125
Switzerland,CHE,1991,21351582031
Switzerland,CHE,1993,23189019531
Switzerland,CHE,1994,23313949218
Switzerland,CHE,1995,23445166015
Switzerland,CHE,1996,23602203125
Switzerland,CHE,1998,24002980468
Switzerland,CHE,1999,24443214843
Switzerland,CHE,2000,24872939453
Switzerland,CHE,2001,26151066406
Switzerland,CHE,2002,28064484375
Switzerland,CHE,2003,29167007812
Switzerland,CHE,2004,29567111328
Switzerland,CHE,2005,29067746093
Switzerland,CHE,2006,28803097656
Switzerland,CHE,2007,28340609375
Switzerland,CHE,2008,30237947265
Switzerland,CHE,2009,30588736328
Switzerland,CHE,2010,30789000000
Switzerland,CHE,2011,31703269531
Switzerland,CHE,2012,32354388671
Switzerland,CHE,2013,33037179687
Switzerland,CHE,2014,33927968750
Switzerland,CHE,2015,34940777343
Switzerland,CHE,2016,35564011718
Switzerland,CHE,2017,36309210937
Switzerland,CHE,2018,36696058593
Switzerland,CHE,2019,37749789062
Switzerland,CHE,2020,38874214843
Switzerland,CHE,2021,39109351562
Tajikistan,TJK,1993,1088499389
Tajikistan,TJK,1995,189359115
Tajikistan,TJK,1996,156021835
Tajikistan,TJK,1998,206729522
Tajikistan,TJK,1999,176057113
Tajikistan,TJK,2000,213874435
Tajikistan,TJK,2001,239184402
Tajikistan,TJK,2002,309531555
Tajikistan,TJK,2003,299639709
Tajikistan,TJK,2004,378455780
Tajikistan,TJK,2005,511625915
Tajikistan,TJK,2006,530507202
Tajikistan,TJK,2007,573527465
Tajikistan,TJK,2008,627278015
Tajikistan,TJK,2009,772014465
Tajikistan,TJK,2010,803827209
Tajikistan,TJK,2011,847875732
Tajikistan,TJK,2012,930672729
Tajikistan,TJK,2015,1397964111
Tanzania,TZA,1996,868344665
Tanzania,TZA,1997,881199401
Tanzania,TZA,1998,807373840
Tanzania,TZA,2004,2643943847
Tanzania,TZA,2005,2830383300
Tanzania,TZA,2006,2581041259
Tanzania,TZA,2007,3684635498
Tanzania,TZA,2008,4082766357
Tanzania,TZA,2009,4082832519
Tanzania,TZA,2010,4928361816
Tanzania,TZA,2014,4692736816
Tanzania,TZA,2017,7437738769
Tanzania,TZA,2018,6630735839
Thailand,THA,1991,17094958984
Thailand,THA,1992,18218433593
Thailand,THA,1994,23815451171
Thailand,THA,1995,23781386718
Thailand,THA,1996,27958681640
Thailand,THA,1997,35560679687
Thailand,THA,1998,33194058593
Thailand,THA,1999,36264906250
Thailand,THA,2000,41178949218
Thailand,THA,2001,39065269531
Thailand,THA,2002,33265425781
Thailand,THA,2003,34371671875
Thailand,THA,2004,39526976562
Thailand,THA,2005,40239273437
Thailand,THA,2006,43437156250
Thailand,THA,2007,40741101562
Thailand,THA,2008,40355519531
Thailand,THA,2009,44114054687
Thailand,THA,2010,43087250000
Thailand,THA,2011,59512894531
Thailand,THA,2012,60252765625
Thailand,THA,2013,56243804687
Togo,TGO,1992,356092651
Togo,TGO,1996,317250549
Togo,TGO,1998,320114196
Togo,TGO,1999,344647674
Togo,TGO,2000,320313446
Togo,TGO,2001,310277954
Togo,TGO,2002,298241455
Togo,TGO,2003,303556579
Togo,TGO,2004,281024627
Togo,TGO,2005,272231689
Togo,TGO,2006,303786468
Togo,TGO,2007,306840332
Togo,TGO,2008,306212829
Togo,TGO,2009,374823150
Togo,TGO,2010,424244293
Togo,TGO,2011,466805908
Togo,TGO,2012,544441284
Togo,TGO,2013,541722106
Togo,TGO,2014,617124206
Togo,TGO,2015,705467834
Togo,TGO,2016,725595031
Togo,TGO,2017,775857910
Togo,TGO,2018,883533264
Tonga,TON,1998,27858270
Tonga,TON,1999,27836690
Tonga,TON,2000,26173570
Tonga,TON,2001,24235000
Tonga,TON,2002,21310680
Tonga,TON,2003,24489990
Tonga,TON,2004,23574949
Trinidad and Tobago,TTO,1990,585970092
Trinidad and Tobago,TTO,1994,642675292
Trinidad and Tobago,TTO,1995,691799377
Trinidad and Tobago,TTO,1996,676635864
Trinidad and Tobago,TTO,1997,744655883
Trinidad and Tobago,TTO,1998,590551818
Trinidad and Tobago,TTO,1999,720912109
Trinidad and Tobago,TTO,2000,770533142
Trinidad and Tobago,TTO,2001,892844360
Trinidad and Tobago,TTO,2002,1113898193
Trinidad and Tobago,TTO,2003,1128534057
Trinidad and Tobago,TTO,2020,1941409667
Trinidad and Tobago,TTO,2021,1355700073
Trinidad and Tobago,TTO,2022,1224207519
Trinidad and Tobago,TTO,2023,1369510498
Tunisia,TUN,1990,2978807373
Tunisia,TUN,1991,3221579101
Tunisia,TUN,1992,3315988037
Tunisia,TUN,1993,3523369873
Tunisia,TUN,1994,3752427734
Tunisia,TUN,1995,3998173583
Tunisia,TUN,1996,4189311523
Tunisia,TUN,1997,5151276855
Tunisia,TUN,1999,5374788574
Tunisia,TUN,2000,5565989746
Tunisia,TUN,2001,5777183105
Tunisia,TUN,2002,5464928710
Tunisia,TUN,2003,6736513183
Tunisia,TUN,2004,7055848144
Tunisia,TUN,2005,7009355468
Tunisia,TUN,2006,7362327636
Tunisia,TUN,2007,7887688964
Tunisia,TUN,2008,7976554199
Tunisia,TUN,2009,8556011718
Tunisia,TUN,2010,8485163085
Tunisia,TUN,2012,8644242187
Tunisia,TUN,2015,9633765625
Turkey,TUR,1993,21776421875
Turkey,TUR,1994,21126044921
Turkey,TUR,1995,14979947265
Turkey,TUR,1998,23380
Turkey,TUR,2011,78677687500
Turkey,TUR,2012,85681289062
Turkey,TUR,2013,92053406250
Turkey,TUR,2014,98107335937
Turkey,TUR,2015,101551070312
Turkey,TUR,2016,112778882812
Turkey,TUR,2017,113273789062
Turkey,TUR,2018,115974812500
Turkey,TUR,2019,121017789062
Turkey,TUR,2020,111796406250
Turkey,TUR,2021,109267906250
Turks and Caicos Islands,TCA,2015,28699050
Turks and Caicos Islands,TCA,2018,29442499
Turks and Caicos Islands,TCA,2019,28178020
Turks and Caicos Islands,TCA,2021,34172599
Turks and Caicos Islands,TCA,2022,31474119
Tuvalu,TUV,1990,2037179
Tuvalu,TUV,1997,1209010
Tuvalu,TUV,2023,8140370
Uganda,UGA,2000,526475769
Uganda,UGA,2004,1330289184
Uganda,UGA,2010,1188874023
Uganda,UGA,2011,1671413696
Uganda,UGA,2012,1429581298
Uganda,UGA,2013,1545280883
Uganda,UGA,2014,1637985839
Uganda,UGA,2015,2087401123
Uganda,UGA,2016,2022019042
Uganda,UGA,2017,2233397949
Uganda,UGA,2018,2177502441
Ukraine,UKR,1997,28930875000
Ukraine,UKR,1998,23142093750
Ukraine,UKR,1999,18782994140
Ukraine,UKR,2000,22116904296
Ukraine,UKR,2001,27070404296
Ukraine,UKR,2002,33017199218
Ukraine,UKR,2003,37264226562
Ukraine,UKR,2004,39527156250
Ukraine,UKR,2005,46501472656
Ukraine,UKR,2006,51144945312
Ukraine,UKR,2007,54634058593
Ukraine,UKR,2008,58225574218
Ukraine,UKR,2009,56627058593
Ukraine,UKR,2011,52342257812
Ukraine,UKR,2012,56880304687
Ukraine,UKR,2013,56704761718
Ukraine,UKR,2014,46661273437
Ukraine,UKR,2016,36777488281
Ukraine,UKR,2017,40706011718
Ukraine,UKR,2018,41370453125
Ukraine,UKR,2019,43668199218
Ukraine,UKR,2020,41573839843
Ukraine,UKR,2021,41070976562
United Arab Emirates,ARE,2019,26886935546
United Arab Emirates,ARE,2020,26374837890
United Arab Emirates,ARE,2021,26900597656
United Kingdom,GBR,1991,83903046875
United Kingdom,GBR,1992,87244757812
United Kingdom,GBR,1994,100470195312
United Kingdom,GBR,1995,104085437500
United Kingdom,GBR,1996,96554023437
United Kingdom,GBR,1998,99861718750
United Kingdom,GBR,1999,97904523437
United Kingdom,GBR,2000,101659734375
United Kingdom,GBR,2001,108212265625
United Kingdom,GBR,2002,124858492187
United Kingdom,GBR,2003,132314187500
United Kingdom,GBR,2004,134608843750
United Kingdom,GBR,2005,143529875000
United Kingdom,GBR,2006,148858312500
United Kingdom,GBR,2007,150816937500
United Kingdom,GBR,2008,154306312500
United Kingdom,GBR,2009,158752468750
United Kingdom,GBR,2010,170450671875
United Kingdom,GBR,2011,170398250000
United Kingdom,GBR,2013,173484984375
United Kingdom,GBR,2014,179024843750
United Kingdom,GBR,2015,183201593750
United Kingdom,GBR,2016,183002109375
United Kingdom,GBR,2017,187363406250
United Kingdom,GBR,2018,183582968750
United Kingdom,GBR,2019,188191562500
United Kingdom,GBR,2020,197759375000
United Kingdom,GBR,2021,192433609375
United States,USA,2015,992376625000
United States,USA,2016,991075625000
United States,USA,2017,1074442000000
United States,USA,2018,1058061625000
United States,USA,2019,1103347750000
United States,USA,2020,1231482875000
United States,USA,2021,1210540625000
Uruguay,URY,1991,1125779541
Uruguay,URY,1992,1181961669
Uruguay,URY,1994,1226254638
Uruguay,URY,1995,1341328857
Uruguay,URY,1996,1611862182
Uruguay,URY,1998,1527820678
Uruguay,URY,2000,1593397460
Uruguay,URY,2001,1771469360
Uruguay,URY,2002,1355120239
Uruguay,URY,2003,1216626464
Uruguay,URY,2004,1543932983
Uruguay,URY,2005,1801962280
Uruguay,URY,2006,1973855468
Uruguay,URY,2011,3869010742
Uruguay,URY,2013,4282143554
Uruguay,URY,2014,4450479980
Uruguay,URY,2015,4403148437
Uruguay,URY,2016,4645559570
Uruguay,URY,2017,4784538574
Uruguay,URY,2018,4993906250
Uruguay,URY,2019,5067340332
Uruguay,URY,2020,4606750976
Uruguay,URY,2021,4774917480
Uruguay,URY,2022,5051994628
Uzbekistan,UZB,2013,11244332031
Uzbekistan,UZB,2014,11957224609
Uzbekistan,UZB,2015,12329434570
Uzbekistan,UZB,2016,12790936523
Uzbekistan,UZB,2017,12489329101
Uzbekistan,UZB,2020,13913412109
Uzbekistan,UZB,2021,14019171875
Vanuatu,VUT,1994,24341699
Vanuatu,VUT,1998,47929428
Vanuatu,VUT,1999,38786399
Vanuatu,VUT,2000,46690959
Vanuatu,VUT,2001,57646961
Vanuatu,VUT,2002,49648899
Vanuatu,VUT,2003,53748889
Vanuatu,VUT,2008,48894668
Vanuatu,VUT,2009,43683879
Vanuatu,VUT,2014,47947708
Vanuatu,VUT,2015,52037128
Vanuatu,VUT,2017,46859130
Vanuatu,VUT,2019,19480880
Vanuatu,VUT,2020,22676359
Vietnam,VNM,2008,23366548828
Vietnam,VNM,2009,24273867187
Vietnam,VNM,2010,27553220703
Vietnam,VNM,2011,27394695312
Vietnam,VNM,2012,33703714843
Vietnam,VNM,2013,36545277343
Vietnam,VNM,2016,34008957031
Vietnam,VNM,2018,37127199218
Zambia,ZMB,1991,553719238
Zambia,ZMB,1992,415283142
Zambia,ZMB,1993,411806335
Zambia,ZMB,1994,347501525
Zambia,ZMB,1995,366545837
Zambia,ZMB,1998,463882537
Zambia,ZMB,1999,406780639
Zambia,ZMB,2000,425788116
Zambia,ZMB,2004,738982299
Zambia,ZMB,2005,558297302
Zambia,ZMB,2007,466653350
Zambia,ZMB,2008,445760833
Zambia,ZMB,2015,2903543701
Zambia,ZMB,2016,2441631347
Zambia,ZMB,2017,2515390380
Zambia,ZMB,2018,3325606445
Zimbabwe,ZWE,1992,6368586425
Zimbabwe,ZWE,1994,11629264648
Zimbabwe,ZWE,2010,591522705
Zimbabwe,ZWE,2012,3085143798
Zimbabwe,ZWE,2013,3144833251
Zimbabwe,ZWE,2014,3267301269
Zimbabwe,ZWE,2017,3318435302
Zimbabwe,ZWE,2018,1227974487